strategy_id,model,setting,K_bits,tau_max,tau_p90,n_registers,nesting_depth,mccabe,halstead,n_jargon,prompt_len,realized_vol,R_bench,sharpe_bench,maxdd_bench,n_trades_bench,R_llm,sharpe_llm,maxdd_llm,compile_fail,spec_match,action_match,trade_f1,abs_es,delta_sharpe,delta_maxdd,error_type,tau_bin,signal_id,n_risk
S0003,smoke-deepseek-flash,closed,26.5865906,17,14,4,3,21,831.0542191,8,88,0.4846363222,-0.8361205474,-4.337325425,-0.8385365898,1223,-0.8361205474,-4.337325425,-0.8385365898,0,1,1,1,0,0,0,,0,ma_cross,2
S0101,smoke-deepseek-flash,closed,18.09473751,43,11,4,3,18,644.5474002,11,84,0.7654458445,-0.1765217871,-2.504013138,-0.1771921847,565,,,,1,1,,,,,,NoCode,0,donchian_break,1
S0250,smoke-deepseek-flash,closed,28.1715531,144,41,6,4,20,987.1725471,8,89,0.3306444869,-0.3825024596,-3.453308068,-0.4001283097,626,,,,1,1,,,,,,NoCode,1,macd_cross,3
S0402,smoke-deepseek-flash,closed,18.9248125,272,94,3,3,18,609.9470498,12,63,0.4842404883,-0.4408767048,-1.808609698,-0.4576799206,875,-0.4408767048,-1.808609698,-0.4576799206,0,1,1,1,0,0,0,,2,donchian_break,1
S0510,smoke-deepseek-flash,closed,19.9248125,456,190,5,3,20,809.948812,16,112,0.5374127757,-0.6740662738,-1.145034656,-0.7132486664,506,-0.6740662738,-1.145034656,-0.7132486664,0,1,1,1,0,0,0,,3,donchian_break,1
S0790,smoke-deepseek-flash,closed,29.18947501,5624,73,5,3,17,711.6884805,12,83,0.6141348542,-0.01834038347,-0.2217874793,-0.04769957456,65,,,,1,1,,,,,,NoCode,4,box_breakout,3
S0003,smoke-deepseek-flash,open,26.5865906,17,14,4,3,21,831.0542191,8,88,0.4846363222,-0.8361205474,-4.337325425,-0.8385365898,1223,-0.8395385104,-4.374767298,-0.8419041625,0,,0.9945230873,0.9656582175,34.17963061,-0.03744187312,-0.003367572705,,0,ma_cross,2
S0101,smoke-deepseek-flash,open,18.09473751,43,11,4,3,18,644.5474002,11,84,0.7654458445,-0.1765217871,-2.504013138,-0.1771921847,565,,,,1,,,,,,,NoCode,0,donchian_break,1
S0250,smoke-deepseek-flash,open,28.1715531,144,41,6,4,20,987.1725471,8,89,0.3306444869,-0.3825024596,-3.453308068,-0.4001283097,626,,,,1,,,,,,,NoCode,1,macd_cross,3
S0402,smoke-deepseek-flash,open,18.9248125,272,94,3,3,18,609.9470498,12,63,0.4842404883,-0.4408767048,-1.808609698,-0.4576799206,875,-0.50895818,-2.059505092,-0.5290047365,0,,0.6287621634,0.5781179649,680.8147515,-0.2508953943,-0.07132481594,,2,donchian_break,1
S0510,smoke-deepseek-flash,open,19.9248125,456,190,5,3,20,809.948812,16,112,0.5374127757,-0.6740662738,-1.145034656,-0.7132486664,506,-0.6239191037,-0.9354400834,-0.6671907306,0,,0.5242437378,0.2920792079,501.4717015,0.209594573,0.04605793581,,3,donchian_break,1
S0790,smoke-deepseek-flash,open,29.18947501,5624,73,5,3,17,711.6884805,12,83,0.6141348542,-0.01834038347,-0.2217874793,-0.04769957456,65,-0.01834038347,-0.2217874793,-0.04769957456,0,,1,1,0,0,0,,4,box_breakout,3
