strategy_id,type,setting,K_bits,tau_max,tau_p90,n_registers,nesting_depth,mccabe,halstead,n_jargon,prompt_len,realized_vol,R_bench,sharpe_bench,maxdd_bench,n_trades_bench,R_llm,sharpe_llm,maxdd_llm,compile_fail,spec_match,action_match,trade_f1,abs_es,delta_sharpe,delta_maxdd,error_type,tau_bin,signal_id,n_risk,prompt_valid,roundtrip,strict_violation
S0002,stop_anchor,mutant,23.00162810065661,47,14.0,6,3,19,818.5422772082748,,,,-0.810693957322885,-5.854419223207787,-0.8121858577849234,4645,-0.8146546440739445,-7.171435119903732,-0.815150592158239,0,,0.4473996723996724,0.41453344343517756,39.60686751059539,-1.3170158966959447,-0.0029647343733156806,,0,macd_cross,2,,,0
S0014,cmp_reverse,mutant,26.43458750793271,57,10.0,5,3,23,953.0092596458697,,,,-0.6750413285301747,-3.982127152590731,-0.6797122829282275,1074,-0.7062016537561526,-6.229714817199423,-0.7082073033485375,0,,0.48172538689496214,0.41900452488687784,311.6032522597789,-2.2475876646086923,-0.028495020420310047,,0,ma_cross,2,,,0
S0017,window_incl,mutant,22.416665599935456,33,15.0,5,3,19,624.3433295473887,,,,-0.6579655285181595,-3.9691355258088374,-0.6584958398389842,1563,0.0,0.0,0.0,0,,0.002390914524805738,0.0,6579.655285181595,3.9691355258088374,0.6584958398389842,,0,donchian_break,2,,,0
S0020,cooldown_reset,mutant,22.00162810065661,47,15.0,3,4,18,598.5083002250008,,,,-0.6792831705395752,-6.305090408265116,-0.683610398081655,3732,-0.7935110274648265,-8.331585557033362,-0.7983226501748593,0,,0.41507699379453,0.5287356321839081,1142.2785692525129,-2.0264951487682463,-0.11471225209320424,,0,macd_cross,2,,,0
S0021,stop_anchor,mutant,30.019550008653866,47,8.0,4,4,22,987.1725471240866,,,,-0.7307339659027934,-13.504745882628288,-0.733077640228071,3007,-0.7326621585399029,-13.649678415370287,-0.7351189089788047,0,,0.9939238455306508,0.9673876871880199,19.28192637109527,-0.1449325327419988,-0.002041268750733738,,0,macd_cross,3,,,0
S0028,window_incl,mutant,26.586590601377765,33,24.0,8,3,30,1198.5561050577503,,,,-0.7182464193080167,-2.8610616615951523,-0.7272999196967281,755,0.0,0.0,0.0,0,,0.013898995779362539,0.0,7182.464193080167,2.8610616615951523,0.7272999196967281,,0,breakout_pullback,2,,,0
S0029,param_step,mutant,22.00162810065661,49,16.0,5,3,20,679.2924184949796,,,,-0.8488273353930188,-5.032739430994415,-0.8506647143256612,3497,-0.9427186522030684,-5.044843295015492,-0.9437544201619408,0,,0.08118549433196097,1.0,938.9131681004959,-0.012103864021077548,-0.09308970583627962,,0,macd_cross,2,,,0
S0033,stop_anchor,mutant,24.756515602820073,33,27.0,4,3,16,583.9173310659907,,,,-0.6041867062913017,-1.9914118653892339,-0.637656112996868,843,-0.5223842665726794,-1.7088122290579635,-0.5304433562643108,0,,0.5639194492697678,0.35779260157671317,818.0243971862222,0.2825996363312704,0.10721275673255715,,0,box_breakout,2,,,0
S0039,cmp_reverse,mutant,28.756515602820073,17,14.0,5,3,18,649.0073978321694,,,,-0.5887571567690411,-2.2373824469452264,-0.6021320584587031,825,-0.6175587645456586,-3.2674857318664094,-0.6176286004420742,0,,0.37900505902192244,0.1498371335504886,288.01607776617556,-1.030103284921183,-0.015496541983371137,,0,donchian_break,3,,,0
S0043,param_step,mutant,22.264662506490403,40,13.0,5,3,19,1030.47427946664,,,,-0.6439781473070028,-9.023674550606632,-0.6447614907732945,3497,-0.6464339653078328,-8.78603750662684,-0.6472678884496406,0,,0.9356266715853546,1.0,24.558180008300567,0.23763704397979168,-0.002506397676346084,,0,macd_cross,2,,,0
S0067,param_step,mutant,25.264662506490403,44,9.0,6,3,22,1021.486206133269,,,,-0.3831826351450729,-4.501906310684759,-0.3885310292973613,639,-0.3063553388848995,-4.023574076163221,-0.3095685487988062,0,,0.1615973515414856,0.03897254207263064,768.2729626017338,0.47833223452153817,0.07896248049855509,,0,ma_cross,2,,,0
S0070,param_step,mutant,27.586590601377765,33,20.0,5,3,22,1147.2809775686487,,,,-0.30089164486312003,-1.7807190822139414,-0.3459909830032644,404,-0.4159649803599096,-2.6301498490094626,-0.4312766026842684,0,,0.32557633753806003,0.125,1150.7333549678956,-0.8494307667955212,-0.08528561968100395,,0,ma_cross,2,,,0
S0074,param_step,mutant,19.586590601377765,17,15.0,2,3,16,592.3502020498756,,,,-0.4337279706693239,-1.5829733380530522,-0.46606010882893006,523,-0.32147219121439274,-1.7700685558485185,-0.34633329438562793,0,,0.22663948352021746,1.0,1122.5577945493114,-0.18709521779546634,0.11972681444330213,,0,rsi_revert,1,,,0
S0093,window_incl,mutant,23.416665599935456,17,15.0,7,3,22,720.6406526642393,,,,-0.3339110474624456,-2.989235901770511,-0.34081081539012786,919,0.0,0.0,0.0,0,,0.05216360403082395,0.0,3339.110474624456,2.989235901770511,0.34081081539012786,,0,breakout_pullback,2,,,0
S0100,stop_anchor,mutant,31.926440604262382,33,22.0,5,3,24,1043.3767683311332,,,,-0.1384975675248581,-1.5948640024882643,-0.14683382004544382,187,-0.13594698602402244,-1.5855895509768716,-0.14171063696694472,0,,0.6459390862944162,0.5483870967741935,25.50581500835647,0.009274451511392723,0.0051231830784990995,,0,box_breakout,3,,,0
S0105,window_incl,mutant,23.17155310209892,17,15.0,5,3,17,578.135971352466,,,,-0.2070150383172652,-1.552744731024112,-0.22162711666726695,64,0.0,0.0,0.0,0,,0.059534883720930236,0.0,2070.150383172652,1.552744731024112,0.22162711666726695,,0,box_breakout,2,,,0
S0112,stop_anchor,mutant,25.43458750793271,44,10.0,4,3,20,888.7460374570203,,,,-0.17658787235270756,-3.5635928413859044,-0.18540432890584244,639,-0.17658787235270756,-3.5635928413859044,-0.18540432890584244,0,,1.0,1.0,0.0,0.0,0.0,,0,ma_cross,2,,,0
S0117,window_incl,mutant,23.264662506490403,22,8.0,4,3,19,711.7998089727828,,,,-0.20120940747998062,-2.5453128029440792,-0.20283317292949046,338,0.0,0.0,0.0,0,,0.0,0.0,2012.094074799806,2.5453128029440792,0.20283317292949046,,0,box_breakout,2,,,0
S0123,window_incl,mutant,25.756515602820073,52,16.0,5,3,17,879.4138380891695,,,,-0.09684603516865486,-1.3223392414811868,-0.11670848623717534,130,0.0,0.0,0.0,0,,0.0,0.0,968.4603516865486,1.3223392414811868,0.11670848623717534,,0,box_breakout,2,,,0
S0124,cmp_reverse,mutant,22.094737505048094,36,11.0,6,3,26,1179.3279322493372,,,,-0.23016832715978952,-2.8353455729144783,-0.23168687169007735,316,-0.33830270633838466,-2.8021710282662826,-0.34090232375521684,0,,0.2340980187695516,1.0,1081.3437917859515,0.03317454464819569,-0.1092154520651395,,0,ma_cross,1,,,0
S0133,stop_anchor,mutant,29.189475010096174,61,38.0,5,3,21,928.4736838320026,,,,-0.00819015370528764,-0.36766161676097303,-0.01517538056180484,33,-0.00818350356138986,-0.36767603362276485,-0.0151687772542678,0,,1.0,1.0,0.06650143897779515,-1.4416861791821667e-05,6.603307537038361e-06,,0,box_breakout,3,,,0
S0148,window_incl,mutant,21.094737505048094,61,17.0,6,3,25,1062.2329749877201,,,,-0.02552253278186889,-0.35240047563330906,-0.05959457424895936,271,0.0,0.0,0.0,0,,0.0,0.0,255.2253278186889,0.35240047563330906,0.05959457424895936,,0,box_breakout,1,,,0
S0151,stop_anchor,mutant,32.60451250937502,36,20.0,5,3,27,1122.1534505105788,,,,-0.018635895278927617,-0.22806389779869074,-0.050850677056086986,33,-0.06568364990225528,-0.8343787000761241,-0.06729448171774813,0,,0.7491638795986622,0.7878787878787878,470.47754623327666,-0.6063148022774334,-0.016443804661661142,,0,box_breakout,3,,,0
S0157,stop_anchor,mutant,23.416665599935456,33,27.0,6,3,17,644.3779094640329,,,,0.04746586634666161,0.25494971132096567,-0.17641790071932087,409,-0.1339116729295593,-0.6538137996160943,-0.2102665014661814,0,,0.6074616387523819,0.43425814234016885,1813.775392762209,-0.90876351093706,-0.033848600746860524,,0,donchian_break,2,,,0
S0162,cooldown_reset,mutant,26.756515602820073,69,15.0,6,4,20,749.5048708004482,,,,-0.6653342995823838,-7.3011028629975,-0.667320053892078,3274,-0.7419354801923772,-8.182271291464842,-0.7432358202765842,0,,0.7883330984923207,0.8521668691778048,766.0118060999343,-0.8811684284673413,-0.07591576638450614,,1,macd_cross,3,,,0
S0187,param_step,mutant,20.094737505048094,160,36.0,3,3,19,676.61524164311,,,,-0.7759418100171653,-3.6847561844521666,-0.7830239414092064,2474,-0.8971549521880793,-3.681518543064144,-0.9019376885416138,0,,0.02571693353241003,1.0,1212.1314217091394,0.0032376413880226274,-0.11891374713240743,,1,box_breakout,1,,,0
S0188,param_step,mutant,24.43458750793271,133,42.0,5,3,22,977.6187003484047,,,,-0.7970591492962391,-4.099792330337904,-0.8063764148797357,1388,-0.7941864211732594,-4.112498456340735,-0.804775719041927,0,,0.9789546917123229,0.9200863930885529,28.72728122979673,-0.01270612600283183,0.0016006958378086411,,1,macd_cross,2,,,0
S0201,stop_anchor,mutant,28.43458750793271,131,34.0,4,3,19,755.5492649198067,,,,-0.5054700826213011,-4.040122409739261,-0.5122349494015209,2383,-0.4730699127840077,-3.37312809734698,-0.48348546664084413,0,,0.7706675369668365,0.6396375990939978,324.00169837293436,0.6669943123922812,0.028749482760676792,,1,rsi_revert,3,,,0
S0204,param_step,mutant,19.92481250360578,98,25.0,9,3,24,1185.737323185475,,,,-0.6205452960924918,-4.673179184755325,-0.6303273056471538,1010,-0.6545972227036403,-4.279244668171288,-0.6680511286305783,0,,0.7988069414316703,1.0,340.5192661114853,0.39393451658403666,-0.03772382298342447,,1,breakout_pullback,1,,,0
S0206,cmp_reverse,mutant,30.586590601377765,65,41.0,11,3,28,1375.8596475759634,,,,-0.4667068083611331,-3.190335188396906,-0.49092096401990964,924,-0.6832174231719406,-3.265536199842068,-0.7098255121638717,0,,0.13537145774827675,1.0,2165.1061481080746,-0.075201011445162,-0.21890454814396204,,1,breakout_pullback,3,,,0
S0206,window_incl,mutant,30.586590601377765,65,41.0,11,3,28,1375.8596475759634,,,,-0.4667068083611331,-3.190335188396906,-0.49092096401990964,924,0.0,0.0,0.0,0,,0.003701812611692622,0.0,4667.068083611331,3.190335188396906,0.49092096401990964,,1,breakout_pullback,3,,,0
S0208,window_incl,mutant,24.416665599935456,65,54.0,9,3,24,922.2838592731226,,,,-0.5369791307692171,-2.621971912969395,-0.5612164103546252,819,0.0,0.0,0.0,0,,0.01279659534775258,0.0,5369.791307692171,2.621971912969395,0.5612164103546252,,1,breakout_pullback,2,,,0
S0211,cooldown_reset,mutant,23.17155310209892,101,32.0,3,4,18,667.4786373037626,,,,-0.47181510586962727,-2.1958199523524655,-0.5463197758851844,940,-0.9324179016855338,-5.972064113358147,-0.9357068731807988,0,,0.21751346832621216,0.267425320056899,4606.027958159066,-3.776244161005682,-0.3893870972956144,,1,macd_cross,2,,,0
S0220,cooldown_reset,mutant,27.189475010096174,146,49.0,7,4,21,890.7210727409109,,,,-0.5284498432382261,-4.346470075791695,-0.5301968641404542,1027,-0.7909146233669714,-6.611726426588981,-0.7921351276734346,0,,0.18892344422454685,0.2215909090909091,2624.647801287453,-2.2652563507972863,-0.26193826353298044,,1,macd_cross,3,,,0
S0230,window_incl,mutant,20.094737505048094,86,20.0,7,3,22,1052.731384945576,,,,-0.3651481083342232,-3.1711346812772034,-0.37735045833521225,523,0.0,0.0,0.0,0,,0.0002977963073257892,0.0,3651.4810833422316,3.1711346812772034,0.37735045833521225,,1,breakout_pullback,1,,,0
S0241,cooldown_reset,mutant,29.60451250937502,109,20.0,5,4,24,1077.3816638976305,,,,-0.3819348020603087,-5.611522352882362,-0.39189609985309104,891,-0.6882526606200844,-8.472917152115453,-0.6939993849145548,0,,0.4421338689667395,0.5455688246385921,3063.178585597757,-2.861394799233091,-0.3021032850614638,,1,macd_cross,3,,,0
S0242,cmp_reverse,mutant,24.586590601377765,129,104.0,6,3,18,711.2963108964901,,,,-0.34440558455101056,-1.3939534730992353,-0.36942767488736805,412,-0.43591872168619994,-1.6005559016139357,-0.46292997693674,0,,0.5277050610820244,1.0,915.1313713518938,-0.20660242851470034,-0.09350230204937193,,1,box_breakout,2,,,0
S0253,stop_anchor,mutant,27.43458750793271,149,18.0,8,3,24,1147.2809775686487,,,,-0.3805756236423906,-2.4778345537124746,-0.3958662494677253,1437,-0.3674354031676028,-2.350979222513846,-0.37912156644829886,0,,0.9483761840324764,0.8427279053583855,131.40220474787802,0.12685533119862846,0.016744683019426443,,1,macd_cross,3,,,0
S0259,cmp_reverse,mutant,29.43458750793271,94,33.0,6,3,21,974.8841784037453,,,,-0.13644146072401164,-1.017572422613207,-0.15609709132060867,127,-0.15642121326115233,-1.1038494350873076,-0.1829155107261352,0,,0.6565481352992194,1.0,199.79752537140683,-0.08627701247410058,-0.02681841940552654,,1,box_breakout,3,,,0
S0262,cmp_reverse,mutant,21.416665599935456,129,105.0,5,3,22,934.3228035743821,,,,-0.16453311638285872,-0.6870307714844242,-0.2300363428718493,228,-0.15864900978329255,-0.525246811717207,-0.2411628928439145,0,,0.5626780626780626,1.0,58.841065995661744,0.16178395976721716,-0.01112654997206522,,1,rsi_revert,1,,,0
S0267,param_step,mutant,25.264662506490403,167,53.0,6,3,21,903.1787101219027,,,,-0.22323847085829396,-1.1356484489762069,-0.23495929191604448,490,-0.13713047064922357,-0.8379170207529806,-0.15631898446834103,0,,0.7962130937098845,1.0,861.0800020907039,0.2977314282232263,0.07864030744770345,,1,ma_cross,2,,,0
S0268,stop_anchor,mutant,29.43458750793271,65,16.0,4,3,19,764.8407122546137,,,,-0.12992954974840665,-2.650215014043716,-0.1371643417408803,590,-0.1542176142518561,-2.941946437259217,-0.16060846480236649,0,,0.6916528239202658,0.635593220338983,242.88064503449448,-0.29173142321550083,-0.02344412306148619,,1,ma_cross,3,,,0
S0272,window_incl,mutant,23.416665599935456,65,53.0,8,3,25,782.907815693699,,,,-0.18660353813618336,-0.8261831178376882,-0.32168238064536364,370,0.0,0.0,0.0,0,,0.012357414448669201,0.0,1866.0353813618335,0.8261831178376882,0.32168238064536364,,1,breakout_pullback,2,,,0
S0286,cmp_reverse,mutant,22.849625007211557,119,37.0,5,3,22,891.7133323281789,,,,-0.09104608815132564,-1.1068149662636697,-0.09166313825386278,148,-0.08501611413594923,-1.6078384998780286,-0.08563845240877672,0,,0.24970622796709754,1.0,60.29974015376416,-0.5010235336143589,0.0060246858450860585,,1,rsi_revert,2,,,0
S0288,param_step,mutant,22.094737505048094,65,38.0,6,3,22,1191.944546732015,,,,0.01833492969914685,0.29598194507540826,-0.06143477781903053,33,0.01833492969914685,0.29598194507540826,-0.06143477781903053,0,,1.0,1.0,0.0,0.0,0.0,,1,box_breakout,1,,,0
S0291,cmp_reverse,mutant,31.586590601377765,65,46.0,10,3,32,1405.9491001828228,,,,-0.023440139436755048,-0.12560836205818351,-0.13679460983546177,254,-0.0855836489971814,-0.43206019180183347,-0.2104398915734577,0,,0.3481956066945607,1.0,621.4350956042636,-0.30645182974364993,-0.07364528173799592,,1,breakout_pullback,3,,,0
S0314,window_incl,mutant,25.586590601377765,65,50.0,7,3,19,1017.8304232768652,,,,0.005084334839906113,0.10836713195748128,-0.0321062412881587,63,0.0,0.0,0.0,0,,0.005324813631522897,0.0,50.84334839906113,-0.10836713195748128,0.0321062412881587,,1,box_breakout,2,,,0
S0323,window_incl,mutant,27.60451250937502,269,75.0,6,3,18,732.0,,,,-0.8167779300523939,-4.117713019066266,-0.8173169276229707,1365,0.0,0.0,0.0,0,,0.009971509971509971,0.0,8167.779300523938,4.117713019066266,0.8173169276229707,,2,donchian_break,3,,,0
S0324,window_incl,mutant,23.094737505048094,176,23.0,7,3,25,919.2068890288014,,,,-0.8411183785456899,-4.378847460733986,-0.8432730072592437,1417,0.0,0.0,0.0,0,,0.00034169343265222444,0.0,8411.183785456898,4.378847460733986,0.8432730072592437,,2,breakout_pullback,2,,,0
S0328,stop_anchor,mutant,25.264662506490403,252,80.0,4,3,21,800.9749191327844,,,,-0.8435686412053087,-2.613137836770293,-0.8442894428732552,1878,-0.8957074056429924,-4.353814300968496,-0.8966812006590527,0,,0.3986549022027519,0.3493645651632195,521.3876443768372,-1.740676464198203,-0.05239175778579741,,2,donchian_break,2,,,0
S0358,cmp_reverse,mutant,28.019550008653866,244,54.0,6,4,22,740.7512410024999,,,,-0.5627323294049276,-2.079954764159449,-0.58289765262758,792,-0.5114619142358137,-3.1651726128751747,-0.5344953816905863,0,,0.1415929203539823,0.05664488017429194,512.704151691139,-1.0852178487157258,0.048402270936993674,,2,box_breakout,3,,,0
S0361,cmp_reverse,mutant,25.67970000576925,366,55.0,11,3,33,1415.7669376550487,,,,-0.500028075337699,-2.9480064345696393,-0.5131978521484735,1048,-0.6453865181059065,-3.2977330227454202,-0.6655680689245742,0,,0.30014787578434116,1.0,1453.5844276820753,-0.34972658817578095,-0.15237021677610074,,2,breakout_pullback,2,,,0
S0361,window_incl,mutant,25.67970000576925,366,55.0,11,3,33,1415.7669376550487,,,,-0.500028075337699,-2.9480064345696393,-0.5131978521484735,1048,0.0,0.0,0.0,0,,0.0007993285640062348,0.0,5000.28075337699,2.9480064345696393,0.5131978521484735,,2,breakout_pullback,2,,,0
S0363,param_step,mutant,19.094737505048094,201,54.0,4,3,20,750.1751056422819,,,,-0.5760846871646079,-1.5653354741243168,-0.6083582811195608,875,-0.4683100060963763,-1.5599989063714117,-0.49931292286781526,0,,0.023305084745762712,1.0,1077.7468106823162,0.005336567752905141,0.10904535825174555,,2,ma_cross,1,,,0
S0372,stop_anchor,mutant,30.43458750793271,182,43.0,5,3,24,953.0092596458697,,,,-0.5071321790758017,-3.0848299631375435,-0.5101485040082353,581,-0.48786792275732915,-2.7085131211502125,-0.49100214391704994,0,,0.7363046484416551,0.7710407239819005,192.64256318472505,0.37631684198733106,0.019146360091185366,,2,ma_cross,3,,,0
S0375,window_incl,mutant,29.586590601377765,251,45.0,9,4,25,1090.554069434639,,,,-0.5554193216829053,-4.66664777192297,-0.5588925158996758,705,0.0,0.0,0.0,0,,0.0013604018417748011,0.0,5554.193216829053,4.66664777192297,0.5588925158996758,,2,breakout_pullback,3,,,0
S0377,stop_anchor,mutant,26.43458750793271,173,24.0,5,3,18,753.1372703609895,,,,-0.45286300175790206,-4.21001354015546,-0.45646293362267426,2027,-0.44870525417438123,-4.128781429224244,-0.4531093966054881,0,,0.9506571087216249,0.8455846077947706,41.57747583520832,0.08123211093121618,0.003353537017186159,,2,macd_cross,3,,,0
S0379,stop_anchor,mutant,27.586590601377765,257,78.0,5,3,19,691.2417574250535,,,,-0.5433672387758173,-1.6563550996934233,-0.608387309467542,809,-0.6365501280545378,-2.038468241937001,-0.6583912379079285,0,,0.6190085657007472,0.40227703984819735,931.8288927872054,-0.38211314224357773,-0.05000392844038648,,2,donchian_break,3,,,0
S0379,window_incl,mutant,27.586590601377765,257,78.0,5,3,19,691.2417574250535,,,,-0.5433672387758173,-1.6563550996934233,-0.608387309467542,809,0.0,0.0,0.0,0,,0.0002610454871761404,0.0,5433.672387758173,1.6563550996934233,0.608387309467542,,2,donchian_break,3,,,0
S0380,window_incl,mutant,24.264662506490403,303,62.0,6,3,20,794.1081793811621,,,,-0.548600719760663,-2.436446396547774,-0.5751837902423952,2582,0.0,0.0,0.0,0,,0.008759405749565888,0.0,5486.00719760663,2.436446396547774,0.5751837902423952,,2,box_breakout,2,,,0
S0394,cmp_reverse,mutant,26.094737505048094,199,40.0,10,4,33,1356.9008868598587,,,,-0.40005930721517946,-1.4739225048853752,-0.4191694921915729,525,-0.5897866224556318,-1.9643834612562323,-0.6141092660334789,0,,0.3127157652474108,1.0,1897.273152404524,-0.49046095637085707,-0.19493977384190603,,2,breakout_pullback,2,,,0
S0406,param_step,mutant,30.019550008653866,181,49.0,5,3,25,1055.353632766602,,,,-0.38065103916362075,-2.0087902603570265,-0.4126417646395335,450,-0.3725747350591029,-1.804188216576249,-0.4184296730962821,0,,0.8535895986433013,0.8148984198645598,80.76304104517872,0.2046020437807774,-0.005787908456748592,,2,rsi_revert,3,,,0
S0409,cmp_reverse,mutant,27.43458750793271,314,117.0,5,3,28,1163.1539206010798,,,,-0.26382808682129544,-0.776135451960859,-0.42704968802964627,351,-0.4179752082592678,-4.699475847088048,-0.4373716812442295,0,,0.10847776731823468,0.06659267480577137,1541.4712143797237,-3.9233403951271892,-0.010321993214583214,,2,rsi_revert,2,,,0
S0411,param_step,mutant,29.756515602820073,257,134.0,6,3,24,824.650801665053,,,,-0.28618313187212996,-0.8352964631130927,-0.36639281089847586,265,-0.35951028504813365,-0.8420178126082568,-0.3904055908326328,0,,0.23022836164519941,0.3124397299903568,733.2715317600369,-0.0067213494951641195,-0.024012779934156958,,2,box_breakout,3,,,0
S0420,cmp_reverse,mutant,21.094737505048094,284,122.0,5,3,22,974.6766920971994,,,,-0.111749295624478,-1.0377107606256066,-0.13936519818717144,230,-0.11075845016003805,-0.6640067359428635,-0.15640576103412204,0,,0.3003960396039604,1.0,9.90845464439949,0.3737040246827431,-0.017040562846950602,,2,rsi_revert,1,,,0
S0425,cmp_reverse,mutant,23.17155310209892,257,200.0,5,3,17,580.7354922057605,,,,-0.17115839481807493,-0.5680119145115676,-0.26388113343237496,270,-0.06623915459006746,-0.2369245928835757,-0.19148679615879186,0,,0.6633606375913217,1.0,1049.1924022800747,0.3310873216279919,0.0723943372735831,,2,box_breakout,2,,,0
S0425,window_incl,mutant,23.17155310209892,257,200.0,5,3,17,580.7354922057605,,,,-0.17115839481807493,-0.5680119145115676,-0.26388113343237496,270,0.0,0.0,0.0,0,,0.00595528005313261,0.0,1711.5839481807493,0.5680119145115676,0.26388113343237496,,2,box_breakout,2,,,0
S0431,cmp_reverse,mutant,31.43458750793271,368,45.0,6,4,24,1188.5354178292628,,,,-0.23275328572289933,-4.542372796745251,-0.23275328572289936,341,-0.19060361795283465,-4.086937280317941,-0.19185406067130728,0,,0.6063720452209661,0.695906432748538,421.4966777006468,0.4554355164273103,0.040899225051592075,,2,donchian_break,3,,,0
S0439,param_step,mutant,30.43458750793271,250,72.0,6,3,21,965.0851272670149,,,,-0.22083037818927165,-1.914379936608755,-0.2284207623724964,321,-0.23857206123619235,-2.4589744478710416,-0.23865393330869977,0,,0.9179310344827586,0.9439252336448598,177.41683046920699,-0.5445945112622865,-0.010233170936203378,,2,ma_cross,3,,,0
S0447,param_step,mutant,31.43458750793271,198,46.0,7,3,28,1157.0094535229555,,,,-0.21988436880295692,-2.173375034750958,-0.2335953696128915,329,-0.12624074960081622,-2.256104562893187,-0.13393496166308155,0,,0.014613085353703089,1.0,936.436192021407,-0.08272952814222867,0.09966040794980996,,2,breakout_pullback,3,,,0
S0448,param_step,mutant,30.43458750793271,277,72.0,7,3,25,1143.8751263369734,,,,-0.035489581993288666,-0.0734312656723776,-0.15400660900485988,349,-0.47937360826013076,-1.9780606560788425,-0.5141589306245768,0,,0.3859691808596918,0.3449508489722967,4438.840262668421,-1.9046293904064648,-0.360152321619717,,2,rsi_revert,3,,,0
S0451,stop_anchor,mutant,23.264662506490403,175,67.0,4,3,18,705.7796917139339,,,,-0.03523784271888086,-0.17378038729452994,-0.1412025523493904,300,-0.15131907410306922,-1.1016919572424755,-0.16404309461017533,0,,0.3914130887869946,0.4757433489827856,1160.8123138418835,-0.9279115699479455,-0.02284054226078494,,2,donchian_break,2,,,0
S0452,stop_anchor,mutant,25.094737505048094,333,101.0,5,3,20,870.5071862987986,,,,0.036888902156555936,0.2040504669178968,-0.13004823784894784,648,-0.29745907821262896,-1.932253749666163,-0.297459078212629,0,,0.3487793125602313,0.4645849200304646,3343.479803691849,-2.1363042165840596,-0.16741084036368117,,2,donchian_break,2,,,0
S0460,cooldown_reset,mutant,23.416665599935456,257,152.0,6,4,18,621.3869766601637,,,,0.030016045880061126,0.17220956405935312,-0.1733701001823928,373,0.10243227994155801,0.3383428847830697,-0.2087586104007543,0,,0.47167866407820364,0.23582766439909297,724.1623406149689,0.16613332072371656,-0.03538851021836151,,2,donchian_break,2,,,0
S0461,stop_anchor,mutant,32.43458750793271,272,77.0,7,4,27,1194.50096972466,,,,-0.008236683659948674,0.041367455214346954,-0.12902070405580407,610,-0.29859563595568706,-2.3418586067550637,-0.318852651730557,0,,0.5624566273421235,0.6844229217110573,2903.589522957384,-2.3832260619694106,-0.18983194767475292,,2,ma_cross,3,,,0
S0469,param_step,mutant,25.094737505048094,329,77.0,7,3,29,1144.2689851746125,,,,-0.018104694713306668,-0.194408857366567,-0.09445087292864345,286,-0.01435059986481979,-0.13362343952065633,-0.09923331306132349,0,,0.6853916922219124,0.6550724637681159,37.54094848486878,0.060785417845910655,-0.004782440132680046,,2,breakout_pullback,2,,,0
S0484,stop_anchor,mutant,19.92481250360578,559,172.0,6,3,25,888.7695748225497,,,,-0.7078767015193652,-1.255134693195514,-0.7729116988295257,768,-0.7488210439330164,-1.3857651720632982,-0.7913113225114711,0,,0.6798413697115293,0.21019108280254778,409.4434241365119,-0.13063047886778412,-0.018399623681945365,,3,breakout_pullback,1,,,0
S0491,cooldown_reset,mutant,27.17155310209892,402,19.0,5,4,18,544.5528328292636,,,,-0.6822866661398426,-2.346681331687732,-0.710252298275074,568,-0.6824569172943171,-2.3495387938446157,-0.7104075636525937,0,,0.9933575505967825,0.9964788732394366,1.7025115447455441,-0.002857462156883539,-0.00015526537751975322,,3,donchian_break,3,,,0
S0500,param_step,mutant,29.189475010096174,411,145.0,5,3,20,803.5450950450448,,,,-0.8069519686908603,-3.6524220439251023,-0.8138016796212714,1479,-0.8052817688530034,-3.290021087587561,-0.8138041967854591,0,,0.7792475270501552,0.44795405599425697,16.70199837856878,0.3624009563375412,-2.5171641877541617e-06,,3,box_breakout,3,,,0
S0504,cooldown_reset,mutant,23.264662506490403,467,146.0,4,4,17,538.8804074872921,,,,-0.7409382566970408,-1.6922569158450271,-0.7417403436724861,912,-0.7191991734192046,-1.3416139013896557,-0.7506448649664212,0,,0.7034359515880108,0.7231143552311435,217.39083277836247,0.3506430144553714,-0.008904521293935153,,3,box_breakout,2,,,0
S0514,cmp_reverse,mutant,24.67970000576925,667,165.0,8,3,30,1100.015488510401,,,,-0.5311766759355753,-1.0125540024347497,-0.5901106941395551,455,-0.7380514074715814,-4.305927903594274,-0.7380514074715814,0,,0.19727784730913642,0.06303724928366762,2068.7473153600613,-3.2933739011595238,-0.1479407133320263,,3,breakout_pullback,2,,,0
S0516,cooldown_reset,mutant,32.019550008653866,400,55.0,10,4,30,1471.7171696576734,,,,-0.5858733031021386,-3.360118274883708,-0.5933557752849057,514,-0.73106434918888,-3.867339608376529,-0.7425608702035394,0,,0.5441357800826866,0.7263157894736842,1451.9104608674138,-0.5072213334928208,-0.14920509491863376,,3,breakout_pullback,3,,,0
S0519,stop_anchor,mutant,24.264662506490403,720,158.0,6,3,21,887.95183128494,,,,-0.46774163888490405,-1.1800288147651776,-0.4755285916887462,635,-0.4403598520114649,-1.0336126231319036,-0.457698983468449,0,,0.635483870967742,0.6143344709897611,273.8178687343917,0.14641619163327402,0.01782960822029722,,3,rsi_revert,2,,,0
S0520,param_step,mutant,31.189475010096174,731,49.0,7,3,22,1203.942008436759,,,,-0.5655571746017196,-3.3568794920599205,-0.5777295060887366,644,-0.5399732782394858,-3.2504448139220825,-0.5401682084594662,0,,0.273356781710266,0.025146689019279127,255.83896362233793,0.10643467813783802,0.03756129762927041,,3,ma_cross,3,,,0
S0523,cooldown_reset,mutant,29.43458750793271,751,172.0,7,4,23,958.1746737229197,,,,-0.47621533958764684,-1.3319523307581274,-0.5007535317215557,511,-0.5073030299460155,-1.3068979379249555,-0.5406860490733076,0,,0.7652042124897991,0.8433098591549296,310.87690358368667,0.0250543928331719,-0.03993251735175196,,3,rsi_revert,3,,,0
S0532,cooldown_reset,mutant,31.60451250937502,392,35.0,6,4,26,1027.0557004673092,,,,-0.4961150483552996,-2.4301195968179345,-0.5027120393844493,888,-0.5313198249299154,-2.617277444694714,-0.5370006304075312,0,,0.9344827586206896,0.9556756756756757,352.0477657461574,-0.18715784787677947,-0.034288591023081905,,3,ma_cross,3,,,0
S0534,cooldown_reset,mutant,23.586590601377765,553,16.0,3,4,16,499.70917612625357,,,,-0.5609579090306613,-1.4009309523673075,-0.6217937435342534,540,-0.5300027777809863,-1.2675466761661862,-0.5891714316652775,0,,0.9546266148513811,0.9525547445255474,309.5513124967508,0.13338427620112125,0.032622311868975906,,3,donchian_break,2,,,0
S0535,window_incl,mutant,26.264662506490403,396,130.0,7,4,27,1024.6601122047482,,,,-0.48667884122349914,-1.7245220256476415,-0.5417301818298508,326,0.0,0.0,0.0,0,,0.005624847150892639,0.0,4866.7884122349915,1.7245220256476415,0.5417301818298508,,3,breakout_pullback,2,,,0
S0547,cooldown_reset,mutant,26.849625007211557,511,47.0,6,4,22,794.952551319756,,,,-0.30732440788140025,-1.819204322214581,-0.3258430352840067,633,-0.328273919664112,-1.957627744198811,-0.33519940198928266,0,,0.9607722685388328,0.9695550351288056,209.4951178271176,-0.13842342198422997,-0.009356366705275954,,3,donchian_break,3,,,0
S0552,param_step,mutant,25.43458750793271,605,191.0,4,3,19,773.1077808387931,,,,-0.25933088481729283,-1.2186441186158157,-0.31390875841179505,435,-0.10401629319687022,-0.30528708510132413,-0.24076998824478751,0,,0.8533813114005027,0.6873563218390805,1553.145916204226,0.9133570335144916,0.07313877016700754,,3,ma_cross,2,,,0
S0553,window_incl,mutant,31.77443751081733,722,16.0,7,3,24,1330.5815368905605,,,,-0.43908079523886057,-4.261734372476615,-0.4435242377031209,395,0.0,0.0,0.0,0,,0.000576036866359447,0.0,4390.807952388605,4.261734372476615,0.4435242377031209,,3,box_breakout,3,,,0
S0558,stop_anchor,mutant,26.849625007211557,576,64.0,5,3,16,584.2478863654463,,,,-0.36676290371766174,-2.890082395091204,-0.3677447135319467,492,-0.3193533312068344,-1.94209738996649,-0.33489919897778164,0,,0.46619021440351843,0.48715313463514903,474.09572510827337,0.9479850051247138,0.03284551455416507,,3,donchian_break,3,,,0
S0559,cooldown_reset,mutant,24.67970000576925,667,153.0,8,4,28,1015.2974465508286,,,,-0.43745352716232067,-1.0939308924068198,-0.48478164108902194,398,-0.4011160909158481,-0.9521074615489673,-0.45906302044832653,0,,0.9721143335581552,0.9573934837092731,363.37436246472566,0.14182343085785254,0.02571862064069541,,3,breakout_pullback,2,,,0
S0561,cooldown_reset,mutant,29.43458750793271,740,192.0,6,4,26,940.5516222648779,,,,-0.2836622527416929,-0.5547369382345912,-0.4006763912681553,455,-0.3135689506265946,-0.6386410624958795,-0.42537211946907905,0,,0.9873319209650223,0.989010989010989,299.06697884901746,-0.08390412426128824,-0.02469572820092375,,3,rsi_revert,3,,,0
S0562,cooldown_reset,mutant,27.849625007211557,607,89.0,7,4,25,891.7133323281789,,,,-0.2518548281454245,-0.8806070032743567,-0.36969784414299983,306,-0.6778530319263439,-2.2199086736270814,-0.7166194275387751,0,,0.444805405756611,0.5589798087141339,4259.9820378091945,-1.3393016703527247,-0.3469215833957752,,3,breakout_pullback,3,,,0
S0568,window_incl,mutant,25.43458750793271,473,33.0,5,4,18,900.8090502105775,,,,-0.41947772879088885,-2.4993322902252615,-0.42872452851522186,465,0.0,0.0,0.0,0,,0.008847072040443759,0.0,4194.777287908889,2.4993322902252615,0.42872452851522186,,3,box_breakout,2,,,0
S0575,cmp_reverse,mutant,31.341478103541228,764,173.0,6,4,24,962.1808370703122,,,,-0.3894654923563263,-1.1936221493151302,-0.4654688642425638,223,-0.3369310764383928,-1.2850049250992135,-0.3701356603341911,0,,0.6998980903008551,1.0,525.3441591793351,-0.09138277578408327,0.09533320390837269,,3,ma_cross,3,,,0
S0583,cooldown_reset,mutant,19.264662506490403,692,230.0,2,4,17,615.0880044883951,,,,-0.24477114519476062,-0.7343536466135714,-0.40863683667786765,304,-0.24767435935298188,-0.7740857919944909,-0.39029549599690777,0,,0.9198643775900113,0.9494290375203915,29.032141582212567,-0.039732145380919515,0.018341340680959883,,3,rsi_revert,1,,,0
S0584,cmp_reverse,mutant,17.92481250360578,643,186.0,5,3,16,601.2614102065646,,,,-0.09943090634452778,-0.04641862849388444,-0.3790210362660006,550,-0.3404633279985595,-0.5635938644257317,-0.45253305229588564,0,,0.7327752736638764,1.0,2410.324216540317,-0.5171752359318472,-0.07351201602988505,,3,donchian_break,1,,,0
S0586,cooldown_reset,mutant,27.849625007211557,532,131.0,8,4,25,891.7133323281789,,,,-0.15847578240985716,-1.4456073090264903,-0.16599715233882914,389,-0.12877179338136424,-1.0097109221298999,-0.17221933885914978,0,,0.7262576503955814,0.7833140208574739,297.0398902849292,0.4358963868965904,-0.006222186520320638,,3,breakout_pullback,3,,,0
S0586,param_step,mutant,27.849625007211557,532,131.0,8,4,25,891.7133323281789,,,,-0.15847578240985716,-1.4456073090264903,-0.16599715233882914,389,-0.20102177805327492,-2.0207067530299514,-0.21023714231629234,0,,0.7631722482818807,0.8317631224764468,425.4599564341777,-0.5750994440034611,-0.0442399899774632,,3,breakout_pullback,3,,,0
S0588,cmp_reverse,mutant,31.189475010096174,612,315.0,5,4,24,1064.6315850349365,,,,-0.10849870837445519,-1.7330851343538027,-0.11241264329944912,99,-0.07629229285690742,-1.3211862466344035,-0.0764892271529105,0,,0.789671682626539,1.0,322.0641551754777,0.4118988877193992,0.03592341614653863,,3,rsi_revert,3,,,0
S0592,cmp_reverse,mutant,22.67970000576925,560,159.0,8,4,24,803.9044178746743,,,,-0.1865140377152983,-0.6160174523648055,-0.2675207832090701,356,-0.140721755256347,-0.6687683123339211,-0.18882817033390573,0,,0.5596514404755856,1.0,457.92282458951286,-0.05275085996911555,0.07869261287516435,,3,breakout_pullback,2,,,0
S0602,window_incl,mutant,22.094737505048094,561,48.0,5,4,20,644.5474002423085,,,,-0.07458571930256697,-0.7819518755684458,-0.07953649713314394,469,0.0,0.0,0.0,0,,0.00025769875016106174,0.0,745.8571930256696,0.7819518755684458,0.07953649713314394,,3,donchian_break,2,,,0
S0607,cooldown_reset,mutant,30.43458750793271,446,15.0,6,4,23,1201.7115091292924,,,,-0.11110728688318561,-2.0861285775240774,-0.11346806533904927,582,-0.24971948568684177,-4.177272747679854,-0.2514300928319397,0,,0.6594415870683321,0.7644736842105263,1386.1219880365616,-2.091144170155777,-0.1379620274928904,,3,ma_cross,3,,,0
S0613,stop_anchor,mutant,19.094737505048094,467,146.0,5,3,17,664.7386645778881,,,,0.008877468845085668,0.10474321528230184,-0.21567268264046233,586,-0.13174492640386548,-0.5186662599056275,-0.21236827460249671,0,,0.5192392446689494,0.2327150084317032,1406.2239524895115,-0.6234094751879293,0.0033044080379656116,,3,box_breakout,1,,,0
S0615,cmp_reverse,mutant,28.264662506490403,711,11.0,7,4,25,1376.2571626507215,,,,-0.025712124371508605,-1.0137151742668535,-0.03795489940870196,194,-0.06413887960787146,-1.0679585083246081,-0.08925136126184773,0,,0.21405405405405406,1.0,384.2675523636285,-0.05424333405775461,-0.051296461853145764,,3,ma_cross,2,,,0
S0623,stop_anchor,mutant,28.849625007211557,771,166.0,11,3,28,1131.0225968275693,,,,0.045446032707313844,0.21773972418364024,-0.3234698361228438,436,-0.1660151637759485,-0.8274871444114078,-0.2544368096785686,0,,0.36846629986244844,0.40573318632855565,2114.6119648326235,-1.045226868595048,0.06903302644427523,,3,breakout_pullback,3,,,0
S0623,window_incl,mutant,28.849625007211557,771,166.0,11,3,28,1131.0225968275693,,,,0.045446032707313844,0.21773972418364024,-0.3234698361228438,436,0.0,0.0,0.0,0,,0.0031084154662623198,0.0,454.46032707313844,-0.21773972418364024,0.3234698361228438,,3,breakout_pullback,3,,,0
S0624,stop_anchor,mutant,29.849625007211557,667,172.0,8,4,29,1109.4737505048095,,,,-0.011605086618046156,0.02105620597556544,-0.16171486303812144,243,-0.04269479775792784,-0.0817784035001705,-0.18005808337759716,0,,0.4708937335920557,0.2309197651663405,310.89711139881683,-0.10283460947573594,-0.01834322033947572,,3,breakout_pullback,3,,,0
S0627,cooldown_reset,mutant,25.094737505048094,667,164.0,7,4,27,953.2108035232258,,,,0.0164092986498523,0.13618270976817784,-0.20873497691234721,352,-0.2047074583344406,-0.47518968075692364,-0.34213775126843404,0,,0.823684037589538,0.8152709359605911,2211.167569842929,-0.6113723905251015,-0.13340277435608683,,3,breakout_pullback,2,,,0
S0627,stop_anchor,mutant,25.094737505048094,667,164.0,7,4,27,953.2108035232258,,,,0.0164092986498523,0.13618270976817784,-0.20873497691234721,352,-0.26309394333924296,-1.3378491185531454,-0.2861995493947381,0,,0.27570589484112945,0.332892998678996,2795.0324198909525,-1.4740318283213232,-0.07746457248239086,,3,breakout_pullback,2,,,0
S0629,window_incl,mutant,30.019550008653866,576,66.0,6,3,24,1049.6621705499956,,,,-0.029623303734878537,-0.24857645585784993,-0.09460940782511508,511,0.0,0.0,0.0,0,,0.001367801942278758,0.0,296.2330373487854,0.24857645585784993,0.09460940782511508,,3,donchian_break,3,,,0
S0640,cmp_reverse,mutant,24.43458750793271,964,341.0,6,3,21,858.0996223722955,,,,-0.7082374387449414,-1.774565123898167,-0.7521869298777911,251,-0.4687074972529939,-1.2425663405399936,-0.5262686397142402,0,,0.5649719841793013,1.0,2395.299414919475,0.5319987833581734,0.22591829016355092,,4,donchian_break,2,,,0
S0665,window_incl,mutant,27.849625007211557,841,323.0,8,3,26,955.9329095568687,,,,-0.6557693572933263,-2.012948079720633,-0.6969670622807568,596,0.0,0.0,0.0,0,,0.001340944791387303,0.0,6557.693572933263,2.012948079720633,0.6969670622807568,,4,breakout_pullback,3,,,0
S0670,stop_anchor,mutant,25.264662506490403,1147,318.0,6,3,21,903.1787101219027,,,,-0.5261741856005506,-1.1795072795344557,-0.6063176784050734,603,-0.5198437424532195,-1.8207202896887602,-0.5524781669431346,0,,0.3265933508699648,0.2689956331877729,63.304431473311105,-0.6412130101543045,0.05383951146193888,,4,ma_cross,2,,,0
S0671,cooldown_reset,mutant,25.264662506490403,802,256.0,4,4,21,738.3613244510649,,,,-0.4829268521347587,-1.9153338575907644,-0.5143884148629391,307,-0.46246723345652374,-1.7911569937957994,-0.5042674692525831,0,,0.9928602973649345,0.9886914378029079,204.5961867823498,0.12417686379496495,0.010120945610355925,,4,box_breakout,2,,,0
S0673,cooldown_reset,mutant,24.019550008653866,1803,716.0,5,4,19,760.9328551562925,,,,-0.5760083884769108,-1.5604030526094639,-0.6244946616513861,175,-0.4316362014132644,-1.092406608603315,-0.4994344410675874,0,,0.7919847677633145,0.8225352112676056,1443.721870636464,0.4679964440061488,0.12506022058379873,,4,rsi_revert,2,,,0
S0674,param_step,mutant,21.264662506490403,1020,365.0,6,3,17,583.9173310659907,,,,-0.49058483968096467,-1.2847889649723185,-0.5601114188073493,281,-0.6134794263484458,-1.3796754344493523,-0.6786843037893331,0,,0.0051194851260673215,1.0,1228.945866674811,-0.09488646947703372,-0.11857288498198382,,4,donchian_break,2,,,0
S0682,window_incl,mutant,26.849625007211557,932,368.0,5,3,19,673.3855278993711,,,,-0.535955798369365,-1.4171054406347774,-0.5879860356298814,626,0.0,0.0,0.0,0,,0.002058029689608637,0.0,5359.55798369365,1.4171054406347774,0.5879860356298814,,4,donchian_break,3,,,0
S0685,cooldown_reset,mutant,31.189475010096174,2883,1328.0,6,4,24,1033.395550470194,,,,-0.5604354084559616,-1.1091497406648234,-0.6726177851757948,99,-0.5396330311250677,-1.0258761261905809,-0.6586467531442325,0,,0.9635989010989011,0.9611650485436893,208.0237733089396,0.08327361447424253,0.013971032031562358,,4,rsi_revert,3,,,0
S0689,param_step,mutant,18.849625007211557,843,279.0,4,3,17,690.6867720048776,,,,-0.5407522401037328,-1.3768311133631852,-0.6076510284073737,360,-0.6022032391074076,-1.029010702308165,-0.6940869846396872,0,,0.2433152535921591,1.0,614.5099900367479,0.34782041105502026,-0.08643595623231348,,4,rsi_revert,1,,,0
S0695,window_incl,mutant,29.17155310209892,950,55.0,7,3,24,836.8678505786093,,,,-0.4534863232798715,-1.1600538348790308,-0.5100216406455198,374,0.0,0.0,0.0,0,,0.012335458233297458,0.0,4534.863232798715,1.1600538348790308,0.5100216406455198,,4,donchian_break,3,,,0
S0706,cooldown_reset,mutant,24.849625007211557,993,194.0,7,4,21,867.1143438501601,,,,-0.3361380372152828,-1.4963148829592674,-0.36356567972161774,247,-0.18012599763317505,-0.5692151150397017,-0.320852959211996,0,,0.34067843736966497,0.5308411214953271,1560.1203958210774,0.9270997679195657,0.042712720509621716,,4,ma_cross,2,,,0
S0708,cmp_reverse,mutant,27.849625007211557,950,16.0,7,3,23,824.988129902257,,,,-0.3520554779764481,-2.4015283081720207,-0.35402916482829094,487,-0.2944214285002241,-2.4304819855827606,-0.2944214285002241,0,,0.6395101171458999,0.6492462311557788,576.3404947622397,-0.028953677410739953,0.05960773632806682,,4,donchian_break,3,,,0
S0713,cooldown_reset,mutant,27.756515602820073,1088,54.0,3,4,22,882.2992752062506,,,,-0.3409699553143245,-1.5088999066259838,-0.36798582699249344,356,-0.3188397561281108,-1.296970473506404,-0.35393326585472495,0,,0.8865674401405196,0.9259259259259259,221.30199186213727,0.2119294331195798,0.014052561137768482,,4,ma_cross,2,,,0
S0719,cooldown_reset,mutant,29.019550008653866,1298,258.0,6,4,23,848.6651024916462,,,,-0.250648973979697,-1.7730036433402931,-0.267351941626853,196,-0.11363441977722144,-0.5139665597529695,-0.2488548787700964,0,,0.5193096377306904,0.7480916030534351,1370.1455420247555,1.2590370835873237,0.01849706285675659,,4,ma_cross,3,,,0
S0719,param_step,mutant,29.019550008653866,1298,258.0,6,4,23,848.6651024916462,,,,-0.250648973979697,-1.7730036433402931,-0.267351941626853,196,-0.20336777568867093,-1.4172409713264866,-0.22785749154688048,0,,0.9561845036719201,0.910941475826972,472.8119829102606,0.3557626720138065,0.039494450079972515,,4,ma_cross,3,,,0
S0722,param_step,mutant,29.60451250937502,2883,1484.0,7,3,27,1108.8246319518225,,,,-0.38476234260148945,-1.5439808268771424,-0.4116961237986827,90,-0.39738953035227076,-1.6062026303989134,-0.4237705204322012,0,,0.9868852459016394,1.0,126.2718775078131,-0.06222180352177098,-0.012074396633518503,,4,rsi_revert,3,,,0
S0723,stop_anchor,mutant,23.849625007211557,1235,374.0,7,3,23,897.5245610376026,,,,-0.34295277570125926,-0.924246759912029,-0.40295793179614386,400,-0.22416122765503665,-0.482026268863739,-0.3161070753422605,0,,0.4484825910356693,0.19473684210526315,1187.915480462226,0.44222049104829,0.08685085645388335,,4,breakout_pullback,2,,,0
S0729,cooldown_reset,mutant,24.43458750793271,952,101.0,4,4,18,696.6409683152644,,,,-0.3397994465679308,-1.4271392214398897,-0.3962811370769715,364,-0.554524762172611,-1.9291103690256182,-0.5790729727312692,0,,0.45037037037037037,0.6422018348623854,2147.2531560468024,-0.5019711475857285,-0.18279183565429774,,4,rsi_revert,2,,,0
S0729,param_step,mutant,24.43458750793271,952,101.0,4,4,18,696.6409683152644,,,,-0.3397994465679308,-1.4271392214398897,-0.3962811370769715,364,-0.3506030075912886,-1.9034621153020024,-0.3532926774281898,0,,0.16945087661263644,0.1925133689839572,108.03561023357777,-0.4763228938621127,0.042988459648781674,,4,rsi_revert,2,,,0
S0729,stop_anchor,mutant,24.43458750793271,952,101.0,4,4,18,696.6409683152644,,,,-0.3397994465679308,-1.4271392214398897,-0.3962811370769715,364,-0.5118322918879807,-3.202765217908526,-0.5151684146817519,0,,0.41833333333333333,0.4287652645861601,1720.328453200499,-1.7756259964686365,-0.1188872776047804,,4,rsi_revert,2,,,0
S0735,cooldown_reset,mutant,26.586590601377765,1129,104.0,3,4,22,806.9972869458129,,,,-0.3980243582250328,-1.1649236923718376,-0.4858167031252865,195,-0.497987059175528,-1.2589111871692382,-0.5449423611890502,0,,0.6299621928166351,0.7400379506641366,999.627009504952,-0.09398749479740065,-0.05912565806376363,,4,ma_cross,2,,,0
S0736,window_incl,mutant,29.586590601377765,903,15.0,5,4,21,720.6406526642393,,,,-0.14856815218754904,-1.5233986260876273,-0.15957327093094992,255,0.0,0.0,0.0,0,,0.03667481662591687,0.0,1485.6815218754905,1.5233986260876273,0.15957327093094992,,4,donchian_break,3,,,0
S0745,param_step,mutant,20.094737505048094,3475,1845.0,2,4,20,656.2311061925093,,,,-0.11743819329536487,-0.22385026357440987,-0.309340906346187,36,-0.24436080032676766,-0.5914330579969687,-0.32394593605824096,0,,0.2994054415875891,0.017241379310344827,1269.226070314028,-0.3675827944225588,-0.014605029712053963,,4,box_breakout,1,,,0
S0746,cooldown_reset,mutant,24.019550008653866,3923,2385.0,5,4,18,661.5717467081541,,,,-0.2081940402675655,-0.5596551453408148,-0.40710327659927703,42,-0.26011626790210407,-0.7377868217053897,-0.44151575038576607,0,,0.9059095067786742,0.896551724137931,519.2222763453858,-0.17813167636457483,-0.03441247378648904,,4,box_breakout,2,,,0
S0751,cooldown_reset,mutant,18.92481250360578,1138,403.0,2,4,19,589.9322355650356,,,,-0.19877440645238487,-0.3903059840456603,-0.3391016652005115,227,-0.3217949781685556,-0.737511239757802,-0.41357196606022334,0,,0.8969761679324725,0.7840670859538784,1230.2057171617075,-0.34720525571214167,-0.07447030085971185,,4,donchian_break,1,,,0
S0753,cmp_reverse,mutant,28.849625007211557,950,25.0,9,3,25,1024.5205616745466,,,,-0.07126421051018839,-0.6657318441516762,-0.1260553463875907,464,-0.2703518480989415,-1.851096088686916,-0.2923369282570632,0,,0.18016378525932666,1.0,1990.8763758875314,-1.18536424453524,-0.1662815818694725,,4,donchian_break,3,,,0
S0756,cmp_reverse,mutant,28.60451250937502,1116,330.0,10,3,28,1077.3816638976305,,,,-0.13480004162516435,-0.43847394773039605,-0.31203809206921984,255,-0.16259034819275076,-1.1164828738113963,-0.2993971914131279,0,,0.18121744538599083,0.11292719167904904,277.90306567586407,-0.6780089260810003,0.012640900656091913,,4,breakout_pullback,3,,,0
S0757,cmp_reverse,mutant,25.43458750793271,1147,369.0,4,3,19,767.6380531585236,,,,-0.12517257830779038,-0.2871712104915049,-0.30918126693533265,337,-0.20869634068921228,-1.2356231527175219,-0.28004837363046214,0,,0.21754705179962472,0.17210682492581603,835.237623814219,-0.9484519422260169,0.02913289330487051,,4,ma_cross,2,,,0
S0760,param_step,mutant,30.77443751081733,2830,54.19999999999982,7,3,27,1204.8304337237123,,,,-0.08934142883959506,-1.2791467270738013,-0.08934142883959503,80,-0.07502331937770046,-1.577622031517961,-0.0750233193777005,0,,0.3141592920353982,1.0,143.18109461894602,-0.2984753044441597,0.014318109461894532,,4,box_breakout,3,,,0
S0765,cmp_reverse,mutant,23.43458750793271,1244,384.0,9,3,24,928.0939848838862,,,,-0.22572471825602802,-0.610878107103984,-0.40172979716619106,174,-0.10233126079345545,-0.29854828975093284,-0.31358989558914324,0,,0.6623698562221121,1.0,1233.9345746257256,0.3123298173530512,0.08813990157704782,,4,breakout_pullback,2,,,0
S0766,stop_anchor,mutant,28.019550008653866,952,263.0,5,4,19,682.0347938197319,,,,-0.08811582642498617,-0.6980331794296691,-0.10796578899680262,318,-0.14377528083816526,-1.5617697055075546,-0.15346273827963536,0,,0.17111062141912736,0.44411326378539495,556.5945441317909,-0.8637365260778854,-0.04549694928283274,,4,box_breakout,3,,,0
S0768,cmp_reverse,mutant,22.67970000576925,1161,577.0,7,3,18,711.6884805075464,,,,0.123386305294793,0.34315426067841526,-0.2702679013044612,337,-0.02442895670646228,0.10757763019114518,-0.30664227127736754,0,,0.7964204688681623,1.0,1478.1526200125527,-0.23557663048727007,-0.03637436997290633,,4,donchian_break,2,,,0
S0768,stop_anchor,mutant,22.67970000576925,1161,577.0,7,3,18,711.6884805075464,,,,0.123386305294793,0.34315426067841526,-0.2702679013044612,337,-0.2872161375997895,-1.6408630593702167,-0.2886650702982609,0,,0.11659986951253612,0.3865771812080537,4106.024428945825,-1.984017320048632,-0.018397168993799673,,4,donchian_break,2,,,0
S0776,param_step,mutant,26.43458750793271,1741,337.0,4,4,21,809.9488119940328,,,,0.006665150697618305,0.0814298205272305,-0.1226040399620364,158,-0.14238946358580729,-0.8038359867288654,-0.17788387385983054,0,,0.23286855976874682,0.3212669683257919,1490.546142834256,-0.8852658072560958,-0.05527983389779413,,4,box_breakout,2,,,0
S0787,param_step,mutant,29.341478103541228,4173,62.0,7,3,19,934.3228035743821,,,,-0.005905408422380187,-0.0649323100109379,-0.038298505141840807,63,-0.3241196154243615,-1.8492465110822585,-0.3376619774612693,0,,0.09626378113515721,0.14357682619647355,3182.142070019813,-1.7843142010713207,-0.2993634723194285,,4,box_breakout,3,,,0
S0789,window_incl,mutant,30.43458750793271,1494,446.0,5,4,23,876.1293502048084,,,,-0.04912050170311755,-0.07731804297235971,-0.2335723655779637,158,0.0,0.0,0.0,0,,0.0012580054894784996,0.0,491.2050170311755,0.07731804297235971,0.2335723655779637,,4,donchian_break,3,,,0
S0797,cmp_reverse,mutant,29.60451250937502,840,177.0,7,3,25,1005.6643550179598,,,,0.10768491914918132,0.3488651843353899,-0.19361018795451534,304,-0.25237055805888975,-1.0826900024367023,-0.25250707935268435,0,,0.3040169810565101,0.09237379162191192,3600.554772080711,-1.4315551867720921,-0.058896891398169005,,4,donchian_break,3,,,0
