sid,signal,htf,first_div_kind,first_div_on_htf_boundary,n_div
S0005,breakout_pullback,,gen_enters,,8739
S0021,macd_cross,60.0,gen_enters,False,4109
S0028,breakout_pullback,60.0,gen_enters,False,4572
S0040,breakout_pullback,,gen_enters,,810
S0051,donchian_break,,in_trade,,6549
S0052,donchian_break,,in_trade,,1203
S0056,breakout_pullback,240.0,gen_enters,False,5882
S0057,donchian_break,240.0,gen_enters,False,5224
S0063,breakout_pullback,60.0,in_trade,False,2567
S0064,rsi_revert,60.0,gen_enters,False,17171
S0068,ma_cross,,in_trade,,18400
S0077,rsi_revert,240.0,in_trade,False,668
S0080,donchian_break,60.0,in_trade,False,16848
S0171,box_breakout,240.0,in_trade,False,1353
S0182,breakout_pullback,,gen_enters,,7703
S0187,box_breakout,60.0,in_trade,False,18326
S0191,ma_cross,60.0,in_trade,True,17505
S0198,box_breakout,60.0,in_trade,False,7935
S0206,breakout_pullback,,gen_enters,,2171
S0216,macd_cross,,in_trade,,22571
S0218,rsi_revert,,gen_enters,,18392
S0225,rsi_revert,240.0,in_trade,False,1664
S0333,donchian_break,240.0,in_trade,False,44653
S0346,breakout_pullback,240.0,gen_enters,False,2439
S0349,breakout_pullback,60.0,gen_enters,False,4927
S0356,box_breakout,240.0,in_trade,False,2257
S0359,breakout_pullback,240.0,in_trade,False,3208
S0363,ma_cross,,in_trade,,4855
S0382,donchian_break,,in_trade,,7311
S0394,breakout_pullback,240.0,in_trade,False,10804
S0400,donchian_break,60.0,in_trade,False,2093
S0481,breakout_pullback,60.0,in_trade,False,3890
S0482,breakout_pullback,240.0,gen_enters,True,25085
S0490,breakout_pullback,,gen_enters,,14288
S0495,breakout_pullback,,ref_enters,,22517
S0497,rsi_revert,,in_trade,,3723
S0499,box_breakout,240.0,in_trade,False,11835
S0502,breakout_pullback,,gen_enters,,25886
S0505,breakout_pullback,60.0,gen_enters,True,43345
S0506,rsi_revert,,in_trade,,35062
S0514,breakout_pullback,240.0,in_trade,False,30918
S0545,breakout_pullback,240.0,gen_enters,False,3532
S0551,box_breakout,60.0,in_trade,False,29141
S0640,donchian_break,240.0,in_trade,False,29871
S0642,breakout_pullback,,gen_enters,,11376
S0654,box_breakout,,in_trade,,15834
S0656,rsi_revert,,in_trade,,6780
S0659,rsi_revert,,in_trade,,27190
S0665,breakout_pullback,,gen_enters,,18287
S0671,box_breakout,240.0,in_trade,False,10967
S0677,ma_cross,60.0,in_trade,True,20070
S0697,rsi_revert,240.0,in_trade,False,10493
S0704,ma_cross,60.0,in_trade,False,4557
S0706,ma_cross,,in_trade,,11175
S0708,donchian_break,,in_trade,,447
