strategy_id,model,setting,K_bits,tau_max,tau_p90,n_registers,nesting_depth,mccabe,halstead,n_jargon,prompt_len,realized_vol,R_bench,sharpe_bench,maxdd_bench,n_trades_bench,R_llm,sharpe_llm,maxdd_llm,compile_fail,spec_match,action_match,trade_f1,abs_es,delta_sharpe,delta_maxdd,error_type,tau_bin,signal_id,n_risk,prompt_valid,roundtrip,strict_violation
S0001,qwen3.8-max,open,18.509775,57,16,6,3,19,1077.7745,15,116,0.3405129613,-0.8205021482,-8.337497691,-0.8214439704,2690,-0.8205021482,-8.337497691,-0.8214439704,0,,1,1,0,0,0,,0,macd_cross,1,1,1,0
S0002,qwen3.8-max,open,23.0016281,47,14,6,3,19,818.5422772,9,107,0.5407773703,-0.8106939573,-5.854419223,-0.8121858578,4645,-0.8106939573,-5.854419223,-0.8121858578,0,,1,1,0,0,0,,0,macd_cross,2,1,1,0
S0005,qwen3.8-max,open,24.4166656,33,20,8,3,23,1021.526265,9,116,0.4505960646,-0.8438061137,-5.134224536,-0.8475526442,1015,-0.8525451819,-4.434349045,-0.8564189315,0,,0.2757178701,0.05931863727,87.39068266,0.6998754913,-0.008866287294,,0,breakout_pullback,2,1,1,0
S0008,qwen3.8-max,open,30.7565156,33,19,6,3,22,1179.327932,6,84,0.3722549301,-0.7586081365,-5.156310409,-0.7747980088,1392,-0.7423616773,-5.115593837,-0.7620173584,0,,0.9093548387,0.9395624768,162.4645925,0.04071657192,0.01278065046,,0,ma_cross,3,1,1,0
S0009,qwen3.8-max,open,18.509775,43,13,4,3,23,840.1707826,10,82,0.5549382376,-0.7229626174,-3.492424283,-0.7249148204,1554,-0.7229626174,-3.492424283,-0.7249148204,0,,1,1,0,0,0,,0,macd_cross,1,1,1,0
S0011,qwen3.8-max,open,20.509775,41,10,6,3,23,1304.712391,7,99,0.3232779379,-0.7801517285,-8.758088113,-0.780172403,2285,-0.7801517285,-8.758088113,-0.780172403,0,,1,1,5.551115123e-12,1.953992523e-14,5.551115123e-16,,0,macd_cross,1,1,1,0
S0013,qwen3.8-max,open,16.509775,49,17,4,3,19,635.7850115,12,61,0.5262152529,-0.8369267253,-4.721353241,-0.8387462553,3497,-0.8369267253,-4.721353241,-0.8387462553,0,,1,1,0,0,0,,0,macd_cross,1,1,1,0
S0015,qwen3.8-max,open,23.26466251,52,8,4,3,19,705.7796917,11,70,0.6468458163,-0.6948244651,-5.473161545,-0.6953471673,1884,-0.6914713597,-5.420991442,-0.6919998051,0,,0.9811842105,0.9447396387,33.53105436,0.05217010304,0.003347362264,,0,box_breakout,2,1,,0
S0016,qwen3.8-max,open,25.67970001,49,10,7,3,30,1311.235953,12,99,0.4691855084,-0.840620418,-7.474598425,-0.840635406,2285,-0.840620418,-7.474598425,-0.840635406,0,,1,1,0,0,0,,0,macd_cross,2,1,1,0
S0017,qwen3.8-max,open,22.4166656,33,15,5,3,19,624.3433295,9,61,0.6880484799,-0.6579655285,-3.969135526,-0.6584958398,1563,-0.6583967506,-3.977628127,-0.6589263933,0,,0.9959187736,0.9836904381,4.312220753,-0.008492601596,-0.0004305534821,,0,donchian_break,2,1,1,0
S0018,qwen3.8-max,open,17.509775,49,13,6,3,21,830.7593261,12,82,0.5343515776,-0.8149509543,-6.351689682,-0.8163020688,4790,-0.8149509543,-6.351689682,-0.8163020688,0,,1,1,0,0,0,,0,macd_cross,1,1,1,0
S0021,qwen3.8-max,open,30.01955001,47,8,4,4,22,987.1725471,10,107,0.4471719886,-0.7307339659,-13.50474588,-0.7330776402,3007,-0.7646131031,-13.93327137,-0.7649399589,0,,0.7681647527,0.871074641,338.7913721,-0.428525484,-0.03186231866,,0,macd_cross,3,1,1,0
S0022,qwen3.8-max,open,23.26466251,23,8,5,3,26,1122.153451,11,105,0.5434390365,-0.7855367175,-5.168342818,-0.7869778369,1966,-0.7962671227,-5.306373562,-0.7976361375,0,,0.9959016393,0.988301119,107.3040522,-0.1380307436,-0.01065830059,,0,macd_cross,2,1,1,0
S0023,qwen3.8-max,open,16.509775,45,12,4,3,20,750.1751056,10,63,0.47860476,-0.8158396599,-9.671283324,-0.8160974406,5763,-0.8334595365,-10.61539375,-0.8336926536,0,,0.9003441194,0.8609022556,176.1987666,-0.9441104241,-0.01759521302,,0,macd_cross,1,1,1,0
S0024,qwen3.8-max,open,22.67970001,49,13,7,4,24,1021.486206,10,94,0.5226021406,-0.8364608642,-5.614800385,-0.841088448,3767,-0.782240049,-4.757712565,-0.7910582894,0,,0.6666666667,0.7567125528,542.2081526,0.8570878204,0.05003015861,,0,macd_cross,2,1,1,0
S0025,qwen3.8-max,open,25.0016281,29,11,5,3,22,1147.280978,9,113,0.4558573458,-0.7683609735,-5.521039241,-0.7795235483,2828,-0.7608137095,-5.411516142,-0.7736503315,0,,0.9921048476,0.9851485149,75.47264012,0.1095230993,0.005873216806,,0,macd_cross,2,1,1,0
S0028,qwen3.8-max,open,26.5865906,33,24,8,3,30,1198.556105,9,93,0.5897965032,-0.7182464193,-2.861061662,-0.7272999197,755,-0.6788122399,-2.793751749,-0.6855605152,0,,0.7447495961,0.6176668914,394.3417945,0.06730991228,0.04173940454,,0,breakout_pullback,2,1,1,0
S0032,qwen3.8-max,open,29.1715531,45,15,5,3,24,962.1808371,9,74,0.5658591046,-0.6470023094,-2.329600132,-0.6506455966,1117,-0.6470023094,-2.329600132,-0.6506455966,0,,1,1,0,0,0,,0,macd_cross,3,1,1,0
S0033,qwen3.8-max,open,24.7565156,33,27,4,3,16,583.9173311,12,103,0.5833960467,-0.6041867063,-1.991411865,-0.637656113,843,-0.6041867063,-1.991411865,-0.637656113,0,,1,1,0,0,0,,0,box_breakout,2,1,1,0
S0036,qwen3.8-max,open,24.5865906,17,14,5,3,18,912.7896447,9,118,0.5245698553,-0.466224195,-1.986805322,-0.4794005997,710,-0.466224195,-1.986805322,-0.4794005997,0,,1,1,0,0,0,,0,rsi_revert,2,1,,0
S0039,qwen3.8-max,open,28.7565156,17,14,5,3,18,649.0073978,12,82,0.6027564907,-0.5887571568,-2.237382447,-0.6021320585,825,-0.5710341271,-2.823486503,-0.5719699174,0,,0.4680436898,0.4246885617,177.2302964,-0.5861040558,0.03016214109,,0,donchian_break,3,1,1,0
S0040,qwen3.8-max,open,27.84962501,53,17,8,3,27,1081.049704,9,79,0.5487797831,-0.6076485665,-2.947809544,-0.6134237668,856,-0.5063261475,-2.210730208,-0.5066488441,0,,0.2444051826,0.003387916431,1013.224189,0.7370793358,0.1067749227,,0,breakout_pullback,3,1,1,0
S0046,qwen3.8-max,open,18.4166656,33,29,2,3,14,439.3482477,8,94,0.6120667246,-0.5341576498,-1.393745848,-0.5581532091,1075,-0.5341576498,-1.393745848,-0.5581532091,0,,1,1,0,0,0,,0,donchian_break,1,1,1,0
S0049,qwen3.8-max,open,18.8317031,33,17,2,3,20,741.3421672,12,100,0.5245516402,-0.6031962578,-3.722601013,-0.604327208,1601,-0.6031962578,-3.722601013,-0.604327208,0,,1,1,0,0,0,,0,macd_cross,1,1,1,0
S0051,qwen3.8-max,open,28.3414781,17,7,6,3,21,845.8410563,14,86,0.6906025413,-0.5181516787,-3.615512738,-0.5182072539,915,-0.5916175604,-2.84881146,-0.6080480298,0,,0.3406161901,0.206855792,734.6588179,0.7667012783,-0.0898407759,,0,donchian_break,3,1,1,0
S0052,qwen3.8-max,open,28.5865906,17,9,7,3,21,891.7133323,10,108,0.4815193665,-0.6380410325,-4.854265158,-0.6395543367,1724,-0.6291637593,-4.932689083,-0.630704277,0,,0.8968580141,0.8565668203,88.77273228,-0.07842392454,0.008850059772,,0,donchian_break,3,1,1,0
S0053,qwen3.8-max,open,24.67970001,59,13,6,4,24,1058.75495,10,104,0.5807801824,-0.4735234954,-3.620276047,-0.4842154331,1593,-0.4583945561,-3.407120699,-0.4691155026,0,,0.9618069171,0.979757085,151.2893929,0.2131553481,0.01509993052,,0,macd_cross,2,1,1,0
S0056,qwen3.8-max,open,25.4166656,33,28,7,3,26,934.7615622,12,76,0.6341245147,-0.5714684002,-1.9521669,-0.5861022659,504,-0.5565086436,-1.875544443,-0.5960113642,0,,0.8174409128,0.7881679389,149.597566,0.07662245701,-0.009909098338,,0,breakout_pullback,2,1,1,0
S0057,qwen3.8-max,open,32.43458751,32,9,6,3,26,1382.842125,12,102,0.5742279207,-0.6068901774,-5.156176473,-0.6068901774,986,-0.6150305673,-4.657915496,-0.6158131254,0,,0.7500626723,0.8155080214,81.40389912,0.4982609766,-0.008922948031,,0,donchian_break,3,1,1,0
S0058,qwen3.8-max,open,18.8317031,33,13,2,3,20,741.3421672,9,83,0.6201205994,-0.5274160296,-4.496946562,-0.5285306692,2779,-0.5274160296,-4.496946562,-0.5285306692,0,,1,1,0,0,0,,0,macd_cross,1,1,1,0
S0062,qwen3.8-max,open,16.509775,45,14,4,3,20,747.0956673,9,86,0.4607588938,-0.6492902581,-6.784933004,-0.6500220161,3497,-0.6512996992,-6.988160219,-0.6520272645,0,,0.9813827922,0.9548184158,20.09441115,-0.2032272148,-0.002005248404,,0,macd_cross,1,1,1,0
S0063,qwen3.8-max,open,30.84962501,53,13,9,3,34,1369.90907,15,118,0.5525531521,-0.5054224835,-3.326410336,-0.5096898969,807,-0.4417439482,-2.824778953,-0.4428376914,0,,0.1930483795,0.03494467094,636.7853524,0.5016313834,0.06685220552,,0,breakout_pullback,3,1,1,0
S0064,qwen3.8-max,open,30.3414781,33,26,6,3,26,1030.474279,11,87,0.5239301579,-0.2742132319,-1.224455128,-0.287064245,893,-0.4814026388,-2.040117944,-0.4992314461,0,,0.4615384615,0,2071.894069,-0.8156628168,-0.212167201,,0,rsi_revert,3,1,1,0
S0068,qwen3.8-max,open,24.1715531,17,15,5,3,18,684.7325757,13,93,0.5184996162,-0.2925327428,-1.687651902,-0.3025605185,435,-0.1356578655,-0.3949446811,-0.349258961,0,,0.2607441592,0.6597701149,1568.748773,1.292707221,-0.0466984425,,0,ma_cross,2,1,1,0
S0072,qwen3.8-max,open,30.7565156,33,24,7,3,22,949.095735,10,72,0.4746975431,-0.3657616444,-2.459214702,-0.4120686849,1145,-0.3657616444,-2.459214702,-0.4120686849,0,,1,1,0,0,0,,0,ma_cross,3,1,1,0
S0075,qwen3.8-max,open,23.5865906,33,26,4,3,16,519.2347695,9,89,0.5561052905,-0.4457418547,-4.16216654,-0.4466084282,1582,-0.4457418547,-4.16216654,-0.4466084282,0,,1,1,0,0,0,,0,box_breakout,2,1,1,0
S0076,qwen3.8-max,open,19.509775,52,14,6,3,25,1049.440064,16,101,0.5693252909,-0.3711814417,-2.714789252,-0.3733619417,1170,-0.3711814417,-2.714789252,-0.3733619417,0,,1,1,0,0,0,,0,macd_cross,1,1,1,0
S0077,qwen3.8-max,open,21.09473751,64,18,6,3,26,1166.50915,7,107,0.4736376362,-0.4402185698,-3.922225165,-0.4491014889,575,-0.4058521715,-3.793486642,-0.4151590968,0,,0.843669553,0.9101899827,343.663983,0.1287385237,0.03394239203,,0,rsi_revert,1,1,1,0
S0080,qwen3.8-max,open,29.1715531,33,22,6,3,25,987.3030851,11,88,0.5765276235,-0.3864173636,-3.272414712,-0.3868934008,1628,-0.305322637,-1.974398251,-0.3164307505,0,,0.4317262917,0.3127079175,810.9472651,1.298016462,0.07046265026,,0,donchian_break,3,1,1,0
S0082,qwen3.8-max,open,29.9264406,33,28,4,3,17,740.751241,12,98,0.4867416539,-0.3317074726,-2.506075244,-0.3365493106,128,-0.3317074726,-2.506075244,-0.3365493106,0,,1,1,0,0,0,,0,rsi_revert,3,1,1,0
S0162,qwen3.8-max,open,26.7565156,69,15,6,4,20,749.5048708,11,75,0.5510750146,-0.6653342996,-7.301102863,-0.6673200539,3274,-0.6653342996,-7.301102863,-0.6673200539,0,,1,1,0,0,0,,1,macd_cross,3,1,1,0
S0164,qwen3.8-max,open,29.3414781,85,18,6,4,20,1061.711185,17,112,0.4150252091,-0.8107621135,-6.629306872,-0.8157490258,1814,-0.8107621135,-6.629306872,-0.8157490258,0,,1,1,7.771561172e-12,-8.881784197e-15,-6.661338148e-16,,1,macd_cross,3,1,1,0
S0169,qwen3.8-max,open,26.7565156,129,45,5,3,18,995.9973582,12,109,0.3999150296,-0.6793695334,-2.663540315,-0.7021899949,1202,-0.6793695334,-2.663540315,-0.7021899949,0,,1,1,1.110223025e-12,2.664535259e-15,-1.110223025e-16,,1,ma_cross,2,1,1,0
S0171,qwen3.8-max,open,26.26466251,82,14,6,3,25,1128.493301,9,101,0.5292003581,-0.8430650182,-5.234500612,-0.8435203443,1724,-0.8193297586,-4.957891635,-0.8198539494,0,,0.8909046928,0.825799021,237.3525964,0.2766089765,0.02366639493,,1,box_breakout,2,1,1,0
S0173,qwen3.8-max,open,27.9264406,130,51,6,3,19,809.0653582,11,91,0.407421432,-0.6650490337,-8.289392756,-0.6672691174,1440,-0.6650490337,-8.289392756,-0.6672691174,0,,1,1,0,0,0,,1,macd_cross,3,1,1,0
S0175,qwen3.8-max,open,29.60451251,161,69,6,4,24,1046.07525,10,84,0.6103396221,-0.6717134114,-3.313472593,-0.6736057071,536,-0.286269366,-0.2514979297,-0.5103611665,0,,0.08988554698,0.08798283262,3854.440455,3.061974664,0.1632445406,,1,macd_cross,3,1,1,0
S0176,qwen3.8-max,open,18.09473751,152,69,3,3,21,815.9932061,6,56,0.5106509229,-0.7183207144,-4.842063181,-0.7253675896,1257,-0.7183207144,-4.842063181,-0.7253675896,0,,1,1,0,0,0,,1,macd_cross,1,1,1,0
S0177,qwen3.8-max,open,19.5865906,65,57,2,3,16,592.350202,8,87,0.5819707863,-0.7993666421,-1.952783998,-0.8277841762,742,-0.7993666421,-1.952783998,-0.8277841762,0,,1,1,0,0,0,,1,rsi_revert,1,1,1,0
S0179,qwen3.8-max,open,24.7565156,129,68,5,3,21,858.0996224,12,85,0.4979274376,-0.6919360007,-1.81569453,-0.7147939574,947,-0.6919360007,-1.81569453,-0.7147939574,0,,1,1,0,0,0,,1,rsi_revert,2,1,1,0
S0182,qwen3.8-max,open,25.26466251,92,21,8,3,26,1311.354325,11,120,0.4826165071,-0.6990522064,-3.97390426,-0.7042323902,922,-0.8584022499,-5.645524283,-0.862157236,0,,0.3689588305,0.33515625,1593.500435,-1.671620023,-0.1579248459,,1,breakout_pullback,2,1,1,0
S0186,qwen3.8-max,open,23.5865906,129,67,4,3,16,521.8631315,13,85,0.5297302573,-0.7771538031,-2.188076804,-0.7986464102,1103,-0.7827361464,-2.257144377,-0.8008729412,0,,0.9668907776,0.9621962196,55.82343287,-0.0690675736,-0.002226530929,,1,box_breakout,2,1,1,0
S0187,qwen3.8-max,open,20.09473751,160,36,3,3,19,676.6152416,9,61,0.4978093821,-0.77594181,-3.684756184,-0.7830239414,2474,-0.7401493288,-2.791970484,-0.7469916224,0,,0.6704193943,0.5802133445,357.9248123,0.8927857,0.03603231905,,1,box_breakout,1,1,1,0
S0189,qwen3.8-max,open,19.09473751,119,22,6,3,22,940.8533329,8,85,0.4482918637,-0.7942898589,-4.625068634,-0.7959696549,2087,-0.8243855329,-4.236546479,-0.8273296995,0,,0.7797609081,0.7619961612,300.9567397,0.3885221544,-0.03136004463,,1,rsi_revert,1,1,1,0
S0190,qwen3.8-max,open,19.09473751,131,28,6,3,22,940.8533329,9,101,0.4584770937,-0.6679018536,-3.533941217,-0.6812693378,1354,-0.6702399875,-3.597072835,-0.6864701943,0,,0.9879986477,0.9525909592,23.38133866,-0.06313161857,-0.005200856582,,1,rsi_revert,1,1,1,0
S0191,qwen3.8-max,open,21.09473751,107,24,3,3,20,786,11,79,0.4208939873,-0.7303349382,-4.715654751,-0.7511171668,1096,-0.7303349382,-4.715654751,-0.7511171668,0,,1,1,0,0,0,,1,ma_cross,1,1,1,0
S0192,qwen3.8-max,open,20.4166656,129,86,5,3,18,732,7,78,0.5008347204,-0.5176360899,-1.665795555,-0.579176823,707,-0.5176360899,-1.665795555,-0.579176823,0,,1,1,0,0,0,,1,ma_cross,1,1,1,0
S0194,qwen3.8-max,open,23.0016281,75,22,7,3,22,881.7423779,10,98,0.5193215115,-0.5980316211,-3.372631303,-0.6044325837,2690,-0.5980316211,-3.372631303,-0.6044325837,0,,1,1,0,0,0,,1,macd_cross,2,1,1,0
S0195,qwen3.8-max,open,33.9264406,129,22,6,3,26,1484.781161,11,112,0.3827393837,-0.4861311773,-7.100593752,-0.4919374383,1081,-0.4828534994,-7.087877358,-0.4879086725,0,,0.9804166667,0.9787234043,32.77677929,0.01271639361,0.004028765737,,1,ma_cross,3,1,1,0
S0196,qwen3.8-max,open,27.9264406,149,60,5,4,20,782.5255056,9,97,0.5057297489,-0.5499343079,-2.71629556,-0.5553904552,720,-0.5499343079,-2.71629556,-0.5553904552,0,,1,1,0,0,0,,1,macd_cross,3,1,1,0
S0197,qwen3.8-max,open,20.09473751,114,39,5,3,18,773.6824473,10,79,0.4172872075,-0.4606788118,-2.096411667,-0.4959359113,875,-0.4606788118,-2.096411667,-0.4959359113,0,,1,1,0,0,0,,1,ma_cross,1,1,1,0
S0198,qwen3.8-max,open,31.7565156,129,70,6,3,28,1037.091366,13,101,0.5400879185,-0.5376702229,-1.158215228,-0.54545175,869,-0.6132877696,-1.450554669,-0.6199834726,0,,0.7542127372,0.5579302587,756.1754672,-0.2923394412,-0.07453172262,,1,box_breakout,3,1,1,0
S0201,qwen3.8-max,open,28.43458751,131,34,4,3,19,755.5492649,13,104,0.4498065041,-0.5054700826,-4.04012241,-0.5122349494,2383,-0.5054700826,-4.04012241,-0.5122349494,0,,1,1,0,0,0,,1,rsi_revert,3,1,1,0
S0202,qwen3.8-max,open,29.01955001,159,37,7,3,21,1138.001809,11,91,0.3432711684,-0.5865099571,-5.173326322,-0.6022691721,720,-0.5865099571,-5.173326322,-0.6022691721,0,,1,1,0,0,0,,1,donchian_break,3,1,1,0
S0205,qwen3.8-max,open,17.9248125,102,18,6,3,20,774.0455204,13,110,0.5447732219,-0.5671253816,-2.772122657,-0.6060931406,1395,-0.593647801,-3.113850298,-0.6268956055,0,,0.89975614,0.8303886926,265.2241946,-0.3417276411,-0.02080246487,,1,donchian_break,1,1,1,0
S0206,qwen3.8-max,open,30.5865906,65,41,11,3,28,1375.859648,18,117,0.4554999492,-0.4667068084,-3.190335188,-0.490920964,924,-0.414450048,-3.064394667,-0.4254432711,0,,0.3897424916,0.01420328451,522.5676034,0.1259405212,0.06547769291,,1,breakout_pullback,3,1,1,0
S0209,qwen3.8-max,open,22.26466251,152,16,8,3,24,1080.783841,6,70,0.4706672833,-0.520677507,-4.754571716,-0.523206082,2159,-0.5223203228,-4.765673461,-0.5248402314,0,,1,0.9967577582,16.42815773,-0.01110174441,-0.00163414941,,1,macd_cross,2,1,1,0
S0212,qwen3.8-max,open,29.1715531,129,103,6,3,24,861.3019484,17,104,0.5288251574,-0.4601950373,-1.171627271,-0.5368862731,289,-0.4601950373,-1.171627271,-0.5368862731,0,,1,1,0,0,0,,1,donchian_break,3,1,1,0
S0213,qwen3.8-max,open,23.67970001,77,15,7,4,21,1147.280978,11,107,0.374574395,-0.5831895917,-7.208484927,-0.5841971628,2832,-0.5825962099,-7.18275262,-0.5836052154,0,,0.9963729856,0.9980609907,5.93381786,0.02573230659,0.0005919473823,,1,macd_cross,2,1,1,0
S0214,qwen3.8-max,open,22.26466251,152,19,7,3,20,891.3347365,10,83,0.4047823157,-0.611466487,-8.890343016,-0.6137713722,2159,-0.611466487,-8.890343016,-0.6137713722,0,,1,1,0,0,0,,1,macd_cross,2,1,1,0
S0215,qwen3.8-max,open,21.67970001,159,61,6,3,20,697.0997384,10,71,0.5130362695,-0.5161562287,-3.904087343,-0.5177523463,720,-0.5192592309,-4.190554266,-0.5193814186,0,,0.8294534413,0.7486111111,31.03002192,-0.286466923,-0.001629072311,,1,donchian_break,2,1,1,0
S0216,qwen3.8-max,open,21.67970001,75,20,4,3,20,812.9100696,10,46,0.5019652772,-0.6229985621,-5.036671593,-0.6244446828,3274,-0.636557386,-5.252324256,-0.6376190126,0,,0.9395284601,0.9469846575,135.5882394,-0.2156526623,-0.01317432976,,1,macd_cross,2,1,1,0
S0218,qwen3.8-max,open,23.26466251,160,50,4,4,18,629.9521215,8,97,0.4305794721,-0.5643338195,-2.633516478,-0.5708660394,574,-0.769820966,-2.880147894,-0.7793149551,0,,0.1463448596,0.2040816327,2054.871465,-0.2466314164,-0.2084489157,,1,rsi_revert,2,1,1,0
S0219,qwen3.8-max,open,27.18947501,130,34,7,3,23,970.7822352,9,79,0.4614124639,-0.6375546845,-6.655184534,-0.643827172,1440,-0.6191565279,-6.288300479,-0.628017097,0,,0.956454242,0.9541666667,183.9815659,0.3668840551,0.01581007505,,1,macd_cross,3,1,1,0
S0224,qwen3.8-max,open,18.09473751,130,81,3,3,21,813.0196548,4,79,0.5153341918,-0.3866472608,-2.270391683,-0.398406175,720,-0.3866472608,-2.270391683,-0.398406175,0,,1,1,0,0,0,,1,macd_cross,1,1,1,0
S0225,qwen3.8-max,open,31.18947501,172,39,7,4,28,1220.832576,5,104,0.4014728072,-0.4096983512,-3.068032134,-0.4361698594,667,-0.4054385088,-2.784669271,-0.429166186,0,,0.8104202707,0.7713004484,42.59842446,0.2833628634,0.007003673388,,1,rsi_revert,3,1,1,0
S0228,qwen3.8-max,open,29.43458751,133,48.3,9,4,29,1239.943941,15,100,0.5458368733,-0.3840771966,-1.941982819,-0.4065552224,711,-0.3274299038,-1.757596304,-0.3515581633,0,,0.7686006826,0.9268635724,566.4729285,0.1843865149,0.0549970591,,1,macd_cross,3,1,1,0
S0229,qwen3.8-max,open,31.7565156,70,22,6,3,26,1037.091366,13,87,0.7250218937,-0.2805512699,-2.62802826,-0.2846938201,904,-0.295452769,-3.179361468,-0.2996404636,0,,0.8506159364,0.7389645777,149.0149914,-0.5513332087,-0.01494664348,,1,donchian_break,3,1,1,0
S0231,qwen3.8-max,open,22.5865906,152,28,7,3,20,848.6651025,8,96,0.4900204335,-0.4169676433,-3.657388883,-0.4201738528,1440,-0.4147121043,-3.636452041,-0.4179307175,0,,0.9990936805,0.9923611111,22.55538922,0.02093684141,0.00224313527,,1,macd_cross,2,1,1,0
S0234,qwen3.8-max,open,23.26466251,152,63,6,3,25,965.466897,12,81,0.5862894032,-0.4375764788,-3.08664142,-0.4433819901,562,-0.4375764788,-3.08664142,-0.4433819901,0,,1,1,0,0,0,,1,macd_cross,2,1,1,0
S0235,qwen3.8-max,open,22.09473751,98,26,6,3,22,1188.85898,11,107,0.413150465,-0.4365105656,-2.525286464,-0.4432227399,511,-0.4345441971,-2.553843605,-0.4425839272,0,,0.9767857143,0.96875,19.66368568,-0.02855714132,0.0006388127161,,1,box_breakout,1,1,1,0
S0320,qwen3.8-max,open,24.26466251,287,42,5,4,17,831.0542191,11,78,0.4739757916,-0.7565943879,-3.79744668,-0.7597928719,1111,-0.764792929,-3.940052149,-0.7678836797,0,,0.9212488732,0.9647058824,81.98541176,-0.1426054685,-0.008090807821,,2,donchian_break,2,1,1,0
S0325,qwen3.8-max,open,27.9264406,292,29,7,3,18,696,13,90,0.6120667246,-0.7741306334,-2.428506645,-0.7808309571,1075,-0.7741306334,-2.428506645,-0.7808309571,0,,1,1,0,0,0,,2,donchian_break,3,1,1,0
S0326,qwen3.8-max,open,29.43458751,230,46,5,3,22,840.0698721,11,99,0.6102348732,-0.7229026001,-3.069439167,-0.7277742071,1435,-0.7226792007,-3.067413953,-0.7275547353,0,,0.9999337617,0.9993031359,2.233994024,0.002025213288,0.0002194718517,,2,donchian_break,3,1,1,0
S0332,qwen3.8-max,open,16.509775,255,75,4,3,15,469.5027663,14,91,0.5625574486,-0.7339895005,-2.295837694,-0.7422478826,1171,-0.8157511732,-2.684722865,-0.8326297122,0,,0.6886522154,0.2541930675,817.6167274,-0.3888851715,-0.09038182961,,2,donchian_break,1,1,1,0
S0333,qwen3.8-max,open,24.43458751,320,78,6,3,21,855.1934239,17,94,0.5822530249,-0.7374601304,-2.166565666,-0.7488455804,792,-0.3354047106,-0.5304500267,-0.413999671,0,,0.3512378683,0.01865284974,4020.554198,1.636115639,0.3348459094,,2,donchian_break,2,1,1,0
S0334,qwen3.8-max,open,18.9248125,198,21,7,3,22,977.9922803,10,100,0.4053879522,-0.6565928113,-3.729989695,-0.6620378841,887,-0.7162097894,-3.817108168,-0.7205471075,0,,0.3100447238,0.06487488415,596.1697811,-0.08711847256,-0.05850922342,,2,breakout_pullback,1,1,1,0
S0341,qwen3.8-max,open,27.84962501,307,22,7,3,20,949.684982,10,90,0.3820379923,-0.778241437,-6.30247618,-0.7817345129,1561,-0.778241437,-6.30247618,-0.7817345129,0,,1,1,0,0,0,,2,donchian_break,3,1,1,0
S0342,qwen3.8-max,open,18.09473751,201,67,3,3,15,475.0263282,9,83,0.5204519318,-0.7281737401,-2.499355968,-0.7365881414,1228,-0.7281737401,-2.499355968,-0.7365881414,0,,1,1,0,0,0,,2,box_breakout,1,1,1,0
S0343,qwen3.8-max,open,27.60451251,297,67,6,3,19,737.4160826,12,94,0.4666831559,-0.7255854223,-2.314305359,-0.7391913035,1446,-0.727500763,-2.324907953,-0.73330266,0,,0.9073338052,0.844288225,19.1534071,-0.01060259429,0.005888643533,,2,box_breakout,3,1,1,0
S0344,qwen3.8-max,open,27.18947501,173,21,7,3,24,1099.478597,11,88,0.4884354031,-0.66077016,-6.495895787,-0.6622690799,2027,-0.6648740031,-6.592263009,-0.6663547898,0,,0.9930185484,0.9802664036,41.03843086,-0.09636722207,-0.004085709857,,2,macd_cross,3,1,1,0
S0345,qwen3.8-max,open,25.43458751,362,67,5,4,21,767.6380532,13,92,0.5002079147,-0.7253980939,-2.597040037,-0.734103697,878,-0.5406727056,-1.678523451,-0.5486494116,0,,0.6755487396,0.3690280066,1847.253884,0.9185165856,0.1854542853,,2,ma_cross,2,1,1,0
S0346,qwen3.8-max,open,20.9248125,203,60,7,3,26,1201.755675,10,100,0.4617400571,-0.6599141666,-2.408555805,-0.685182193,665,-0.7037455282,-2.679132104,-0.7062444005,0,,0.3820521739,0.04105960265,438.3136161,-0.2705762995,-0.02106220743,,2,breakout_pullback,1,1,1,0
S0347,qwen3.8-max,open,23.26466251,173,35,5,4,22,806.9972869,8,71,0.4619872064,-0.7721780759,-2.925611758,-0.7850271532,1391,-0.7853394464,-3.063756511,-0.797446227,0,,0.9869807812,0.979547901,131.6137047,-0.138144753,-0.01241907375,,2,rsi_revert,2,1,1,0
S0348,qwen3.8-max,open,24.26466251,270,57,5,3,18,821.8074836,10,99,0.4622523429,-0.8132184473,-2.93237482,-0.8201244202,1847,-0.8132184473,-2.93237482,-0.8201244202,0,,1,1,0,0,0,,2,rsi_revert,2,1,1,0
S0349,qwen3.8-max,open,25.09473751,286,75,6,3,25,953.2108035,11,116,0.466947418,-0.8037190608,-2.353193355,-0.8350024809,1070,-0.685627326,-2.187472813,-0.713548755,0,,0.4846316735,0.3664980326,1180.917348,0.1657205416,0.121453726,,2,breakout_pullback,2,1,1,0
S0350,qwen3.8-max,open,27.84962501,202,48,7,3,23,891.7133323,14,100,0.4680904138,-0.8089830465,-4.904138087,-0.8127287561,1453,-0.9584074802,-6.41772036,-0.9586647477,0,,0.3438980791,0.2386813187,1494.244336,-1.513582273,-0.1459359916,,2,breakout_pullback,3,1,1,0
S0352,qwen3.8-max,open,29.26466251,213,50,9,3,27,1192.132374,10,107,0.4211517612,-0.5078190714,-4.80081524,-0.5167968873,1629,-0.6906616919,-5.83311898,-0.6910079041,0,,0.442516224,0.4757125652,1828.426205,-1.03230374,-0.1742110168,,2,breakout_pullback,3,1,1,0
S0356,qwen3.8-max,open,21.09473751,230,39,6,3,25,1065.338946,10,99,0.5829744256,-0.6229807838,-2.50232176,-0.6272344411,841,-0.5984900916,-2.569892258,-0.5984900916,0,,0.7801804605,0.8791469194,244.9069218,-0.06757049834,0.02874434944,,2,box_breakout,1,1,1,0
S0358,qwen3.8-max,open,28.01955001,244,54,6,4,22,740.751241,10,89,0.5797944915,-0.5627323294,-2.079954764,-0.5828976526,792,-0.5627323294,-2.079954764,-0.5828976526,0,,1,1,0,0,0,,2,box_breakout,3,1,1,0
S0359,qwen3.8-max,open,26.09473751,294,69,10,4,33,1356.900887,11,85,0.530934131,-0.5008894105,-1.424467058,-0.5580583675,465,-0.3894142204,-1.032650751,-0.4968888418,0,,0.6498811325,0.5736607143,1114.751901,0.3918163066,0.06116952571,,2,breakout_pullback,2,1,1,0
S0360,qwen3.8-max,open,23.67970001,292,32,8,3,19,1015.21942,10,107,0.4321875657,-0.5701378664,-4.547593428,-0.5764200888,1272,-0.5701378664,-4.547593428,-0.5764200888,0,,1,1,0,0,0,,2,donchian_break,2,1,1,0
S0363,qwen3.8-max,open,19.09473751,201,54,4,3,20,750.1751056,10,69,0.4789968764,-0.5760846872,-1.565335474,-0.6083582811,875,-0.4343170779,-0.8962852988,-0.4951257668,0,,0.7854048798,0.4876088413,1417.676093,0.6690501753,0.1132325143,,2,ma_cross,1,1,1,0
S0368,qwen3.8-max,open,29.01955001,200,41,6,3,20,1051.881506,11,88,0.4419142045,-0.5250226689,-2.798823321,-0.5377551525,1018,-0.5250226689,-2.798823321,-0.5377551525,0,,1,1,1.554312234e-11,1.465494393e-14,1.554312234e-15,,2,donchian_break,3,1,1,0
S0370,qwen3.8-max,open,29.77443751,355,56,7,3,23,967.9519417,10,113,0.5084286201,-0.4985487342,-2.099816417,-0.5064257239,614,-0.4161587874,-2.230364551,-0.4215627604,0,,0.6206868289,0.5325732899,823.899468,-0.1305481335,0.08486296352,,2,ma_cross,3,1,1,0
S0371,qwen3.8-max,open,19.09473751,275,101,5,3,18,758.8183444,10,95,0.5278150542,-0.4672546896,-1.207990949,-0.5256085704,746,-0.4672546896,-1.207990949,-0.5256085704,0,,1,1,0,0,0,,2,rsi_revert,1,1,1,0
S0378,qwen3.8-max,open,18.09473751,193,58,3,3,15,477.6946412,11,90,0.5135858694,-0.4714752029,-2.937369402,-0.4795514369,1465,-0.4714752029,-2.937369402,-0.4795514369,0,,1,1,0,0,0,,2,box_breakout,1,1,1,0
S0380,qwen3.8-max,open,24.26466251,303,62,6,3,20,794.1081794,16,116,0.595146605,-0.5486007198,-2.436446397,-0.5751837902,2582,-0.5486007198,-2.436446397,-0.5751837902,0,,1,1,0,0,0,,2,box_breakout,2,1,1,0
S0382,qwen3.8-max,open,28.01955001,307,21,6,3,20,831.0542191,12,97,0.45558438,-0.6169770689,-5.383038589,-0.6196439627,1181,-0.6451043191,-3.741700097,-0.647127098,0,,0.4571980102,0,281.2725022,1.641338492,-0.02748313534,,2,donchian_break,3,1,1,0
S0383,qwen3.8-max,open,22.67970001,292,42,6,3,17,813.0196548,11,91,0.4429922402,-0.5658603129,-3.629858661,-0.5721204412,686,-0.5658603129,-3.629858661,-0.5721204412,0,,1,1,1.110223025e-12,-4.440892099e-16,1.110223025e-16,,2,donchian_break,2,1,1,0
S0386,qwen3.8-max,open,26.09473751,200,47,7,3,24,1256.004366,11,87,0.5056417751,-0.3391408741,-1.977260793,-0.3527932508,1034,-0.3069719576,-1.777300542,-0.3208791542,0,,0.9376643144,0.9484337349,321.6891648,0.1999602514,0.03191409657,,2,donchian_break,2,1,1,0
S0387,qwen3.8-max,open,23.67970001,203,56,7,3,24,1134.757019,14,93,0.4057387545,-0.4150684084,-2.228765483,-0.4313765012,505,-0.6790874484,-2.827818477,-0.6968723353,0,,0.2346007165,0.01904761905,2640.1904,-0.5990529942,-0.265495834,,2,breakout_pullback,2,1,1,0
S0390,qwen3.8-max,open,20.2467406,257,195,5,3,25,846.2151767,9,111,0.5210830211,-0.341510064,-0.4281424113,-0.6068000467,198,-0.2150274146,-0.1860090912,-0.5439660906,0,,0.921675946,0.1832061069,1264.826495,0.2421333201,0.06283395608,,2,breakout_pullback,1,1,1,0
S0392,qwen3.8-max,open,27.26466251,264,54,4,4,16,533.3974352,13,61,0.4543690351,-0.2844185747,-2.155012145,-0.2981093199,967,-0.3554265915,-2.680785153,-0.3728281519,0,,0.6305866318,0.24,710.0801684,-0.5257730073,-0.07471883197,,2,donchian_break,3,1,1,0
S0393,qwen3.8-max,open,29.7565156,216,57,8,4,23,836.3656083,14,116,0.5655001173,-0.3392016494,-1.163566536,-0.352247782,1174,-0.2912769321,-0.9526552926,-0.3164411237,0,,0.8826723887,0.7376362112,479.2471729,0.210911243,0.03580665837,,2,box_breakout,3,1,1,0
S0394,qwen3.8-max,open,26.09473751,199,40,10,4,33,1356.900887,11,89,0.5438525557,-0.4000593072,-1.473922505,-0.4191694922,525,-0.4587460712,-2.510271838,-0.4650685483,0,,0.376426799,0.5602409639,586.8676401,-1.036349333,-0.04589905616,,2,breakout_pullback,2,1,1,0
S0395,qwen3.8-max,open,31.01955001,309,46,7,3,28,1112.571601,12,69,0.5150999671,-0.4070347535,-0.852890523,-0.4102743397,677,-0.6567014824,-2.704623669,-0.6714665755,0,,0.3959020382,0.1859888407,2496.667288,-1.851733146,-0.2611922358,,2,donchian_break,3,1,1,0
S0397,qwen3.8-max,open,31.43458751,173,19,4,3,24,1093.387315,12,96,0.3460718268,-0.3977423862,-3.010926688,-0.4194194045,404,-0.3977423862,-3.010926688,-0.4194194045,0,,1,1,0,0,0,,2,ma_cross,3,1,1,0
S0398,qwen3.8-max,open,22.26466251,173,40,3,3,20,855.1934239,11,104,0.3926614726,-0.3244393698,-3.193515267,-0.3342003532,404,-0.3244393698,-3.193515267,-0.3342003532,0,,1,1,0,0,0,,2,ma_cross,1,1,1,0
S0399,qwen3.8-max,open,23.84962501,210,64,5,3,22,906.9789752,12,86,0.4668905556,-0.3434334297,-1.669794425,-0.3730622678,435,-0.3423982777,-1.685006225,-0.3727104901,0,,0.9921887984,0.9793103448,10.35152005,-0.01521179954,0.0003517776713,,2,ma_cross,2,1,1,0
S0400,qwen3.8-max,open,30.26466251,219,50,6,3,23,999.6684022,13,77,0.5097760473,-0.3735025871,-1.296655622,-0.3993279737,706,-0.3735025871,-1.296655622,-0.3993279737,0,,1,1,0,0,0,,2,donchian_break,3,1,1,0
S0481,qwen3.8-max,open,31.01955001,445,104,7,3,30,1249.496571,16,107,0.4750173423,-0.8039774322,-2.488536288,-0.8359856723,636,-0.5514639581,-2.325874064,-0.5528526807,0,,0.1367318838,0.02786190188,2525.134742,0.162662224,0.2831329916,,3,breakout_pullback,3,1,1,0
S0482,qwen3.8-max,open,21.09473751,657,171,6,3,25,962.4652717,9,109,0.5290143366,-0.675685128,-2.337105803,-0.6919547976,549,-0.613069361,-1.39303167,-0.6307224645,0,,0.2665112323,0.04398447607,626.1576695,0.9440741334,0.06123233312,,3,breakout_pullback,1,1,1,0
S0486,qwen3.8-max,open,20.26466251,408,109,4,3,19,699.8270058,11,95,0.5148208887,-0.756839033,-2.37922014,-0.805965019,886,-0.756839033,-2.37922014,-0.805965019,0,,1,1,0,0,0,,3,ma_cross,1,1,1,0
S0489,qwen3.8-max,open,17.9248125,389,83,7,3,25,858.3039649,7,88,0.5147925023,-0.7397549739,-1.454510466,-0.7815874733,933,-0.7109523958,-1.170023749,-0.7254450123,0,,0.6572632882,0.08378870674,288.0257805,0.284486717,0.05614246107,,3,breakout_pullback,1,1,1,0
S0490,qwen3.8-max,open,28.84962501,400,70,11,3,29,1256.292286,11,110,0.4451037643,-0.7536105254,-3.148125098,-0.7781877253,795,-0.6994337153,-2.457761474,-0.7340218351,0,,0.6007895249,0.6588103255,541.7681003,0.690363624,0.04416589022,,3,breakout_pullback,3,1,1,0
S0491,qwen3.8-max,open,27.1715531,402,19,5,4,18,544.5528328,8,83,0.647998901,-0.6822866661,-2.346681332,-0.7102522983,568,-0.6822866661,-2.346681332,-0.7102522983,0,,1,1,0,0,0,,3,donchian_break,3,1,1,0
S0492,qwen3.8-max,open,19.67970001,532,96,6,3,19,803.545095,12,101,0.5283275851,-0.6963271609,-1.725470399,-0.7322223154,844,-0.6963271609,-1.725470399,-0.7322223154,0,,1,1,0,0,0,,3,ma_cross,1,1,1,0
S0493,qwen3.8-max,open,24.01955001,403,59,5,3,17,652.9733785,11,67,0.4775714643,-0.6960658737,-3.043743514,-0.7002696099,929,-0.6503336806,-2.719928079,-0.6577230556,0,,0.3856967716,0.2178105502,457.3219305,0.3238154353,0.04254655432,,3,box_breakout,2,1,1,0
S0494,qwen3.8-max,open,23.67970001,703,176,10,3,25,996.41906,9,114,0.5159068904,-0.6560832009,-1.64371752,-0.6907686338,432,-0.637564801,-1.55743881,-0.6539711526,0,,0.3282021666,0.06903553299,185.1839983,0.08627870983,0.03679748122,,3,breakout_pullback,2,1,1,0
S0495,qwen3.8-max,open,19.09473751,389,83,7,3,25,928.611815,7,92,0.5119433915,-0.7142545991,-1.4087129,-0.7587331059,944,-0.6918519897,-1.36063968,-0.7209478181,0,,0.6127786361,0,224.0260941,0.04807322,0.03778528772,,3,breakout_pullback,1,1,1,0
S0497,qwen3.8-max,open,24.01955001,594,91,4,3,18,776.4594164,13,110,0.4869842326,-0.7563392361,-3.442655204,-0.7861807118,1357,-0.8225042273,-3.965479939,-0.8361858772,0,,0.8870140512,0.9166101695,661.649912,-0.5228247351,-0.05000516541,,3,rsi_revert,2,1,1,0
S0499,qwen3.8-max,open,30.3414781,507,75,6,3,22,842.976375,11,105,0.4833634963,-0.8150748359,-3.090213793,-0.8288339738,732,-0.8408366791,-2.721674502,-0.8487854991,0,,0.5874869292,0.6053412463,257.6184323,0.3685392912,-0.01995152529,,3,box_breakout,3,1,1,0
S0502,qwen3.8-max,open,22.67970001,632,168,8,3,23,794.9525513,7,84,0.5158722713,-0.7442828465,-2.376709787,-0.7624931891,468,-0.7680333431,-2.394892612,-0.7972871489,0,,0.4261813249,0.0192926045,237.5049652,-0.0181828251,-0.03479395975,,3,breakout_pullback,2,1,1,0
S0505,qwen3.8-max,open,24.67970001,517,112,8,3,31,1237.045151,9,101,0.5152655007,-0.7341766317,-1.987907871,-0.7767859875,599,-0.7965636073,-1.522306544,-0.8241928442,0,,0.3608615202,0.07398273736,623.8697558,0.465601327,-0.04740685678,,3,breakout_pullback,2,1,1,0
S0506,qwen3.8-max,open,28.77443751,429,125,7,4,21,878.2634354,9,106,0.5613984819,-0.7529769175,-1.867976149,-0.7858195566,735,-0.7348367957,-1.500628651,-0.7894417143,0,,0.4852830516,0.3560732113,181.401218,0.3673474975,-0.003622157636,,3,rsi_revert,3,1,1,0
S0508,qwen3.8-max,open,29.3414781,413,27,7,3,22,802.9360752,7,89,0.5097628786,-0.7858924687,-2.715557225,-0.7981336414,959,-0.7858924687,-2.715557225,-0.7981336414,0,,1,1,0,0,0,,3,ma_cross,3,1,1,0
S0509,qwen3.8-max,open,30.9264406,598,22,5,4,19,752.7959766,13,103,0.4233863231,-0.7732746651,-5.166000976,-0.7806062697,1079,-0.7732746651,-5.166000976,-0.7806062697,0,,1,1,0,0,0,,3,ma_cross,3,1,1,0
S0510,qwen3.8-max,open,19.9248125,456,190,5,3,20,809.948812,10,107,0.5374127757,-0.6740662738,-1.145034656,-0.7132486664,506,-0.6740662738,-1.145034656,-0.7132486664,0,,1,1,0,0,0,,3,donchian_break,1,1,1,0
S0511,qwen3.8-max,open,17.67970001,429,127,3,3,17,595.4800505,8,86,0.5579168569,-0.7277649359,-1.603304861,-0.7510215898,766,-0.7277649359,-1.603304861,-0.7510215898,0,,1,1,0,0,0,,3,rsi_revert,1,1,1,0
S0512,qwen3.8-max,open,31.43458751,730,203,5,4,25,980.9246196,10,92,0.5111290867,-0.4613425621,-1.914028541,-0.5561828115,448,-0.4634369798,-1.889223834,-0.5540043156,0,,0.9517198346,0.9813391877,20.94417747,0.02480470718,0.002178495943,,3,ma_cross,3,1,1,0
S0513,qwen3.8-max,open,25.84962501,400,22,9,3,31,1275.719486,7,103,0.5203824278,-0.4866448499,-4.136802828,-0.4932936547,813,-0.5132986083,-4.45710179,-0.5143251064,0,,0.1590563166,0.06324972737,266.537584,-0.3202989616,-0.02103145168,,3,breakout_pullback,2,1,1,0
S0514,qwen3.8-max,open,24.67970001,667,165,8,3,30,1100.015489,11,98,0.5793647747,-0.5311766759,-1.012554002,-0.5901106941,455,-0.386253819,-0.6009433833,-0.5026617568,0,,0.7338626317,0.2549800797,1449.22857,0.4116106191,0.08744893734,,3,breakout_pullback,2,1,1,0
S0517,qwen3.8-max,open,29.60451251,541,17,5,4,21,843.1863975,12,77,0.6330666932,-0.4870159051,-3.164023056,-0.4870159051,642,-0.4932297998,-3.495255264,-0.4932297998,0,,0.8575085324,0.840961986,62.13894678,-0.3312322077,-0.006213894678,,3,box_breakout,3,1,1,0
S0520,qwen3.8-max,open,31.18947501,731,49,7,3,22,1203.942008,10,96,0.3445841035,-0.5655571746,-3.356879492,-0.5777295061,644,-0.6147833913,-3.615192857,-0.6255764899,0,,0.9142573696,0.933954934,492.2621667,-0.2583133648,-0.04784698379,,3,ma_cross,3,1,1,0
S0523,qwen3.8-max,open,29.43458751,751,172,7,4,23,958.1746737,10,109,0.4994335477,-0.4762153396,-1.331952331,-0.5007535317,511,-0.4762153396,-1.331952331,-0.5007535317,0,,1,1,0,0,0,,3,rsi_revert,3,1,1,0
S0524,qwen3.8-max,open,22.84962501,661,229,4,4,19,658.8560215,5,58,0.5539335284,-0.4572434701,-1.511641358,-0.5169292129,270,-0.4572434701,-1.511641358,-0.5169292129,0,,1,1,0,0,0,,3,rsi_revert,2,1,1,0
S0527,qwen3.8-max,open,29.7565156,442,15,7,4,20,773.6824473,13,92,0.5390287964,-0.4766533327,-2.193794211,-0.4930072377,701,-0.4913360455,-2.274296475,-0.5072311348,0,,0.9821901079,0.9893541519,146.8271279,-0.08050226379,-0.01422389704,,3,box_breakout,3,1,1,0
S0530,qwen3.8-max,open,23.09473751,676,187,6,3,19,728.7065054,14,92,0.4834839519,-0.4577865858,-1.289648258,-0.492660047,353,-0.3343387942,-0.7717449947,-0.4051613734,0,,0.4425706198,0.3482352941,1234.477916,0.5179032631,0.08749867361,,3,donchian_break,2,1,1,0
S0533,qwen3.8-max,open,29.01955001,444,99,7,3,24,891.7133323,9,94,0.5364170706,-0.5770712925,-1.144087559,-0.6076492285,867,-0.6894711732,-2.130010607,-0.6917127287,0,,0.293504221,0.07878787879,1123.998807,-0.9859230482,-0.08406350018,,3,donchian_break,3,1,1,0
S0537,qwen3.8-max,open,17.67970001,510,139,4,3,16,535.8413335,10,89,0.5562885186,-0.5035119451,-1.264554251,-0.5132150392,644,-0.5035119451,-1.264554251,-0.5132150392,0,,1,1,0,0,0,,3,box_breakout,1,1,1,0
S0539,qwen3.8-max,open,32.01955001,413,25,7,3,27,1484.975883,8,104,0.3345587499,-0.5844037034,-4.914722269,-0.6176594632,861,-0.5844037034,-4.914722269,-0.6176594632,0,,1,1,0,0,0,,3,ma_cross,3,1,1,0
S0540,qwen3.8-max,open,25.26466251,753,76,7,4,21,1134.462196,12,119,0.4138672351,-0.4822698421,-2.610661779,-0.4938297935,365,-0.4777426589,-2.561035814,-0.4894036939,0,,0.9904020752,0.9931972789,45.2718323,0.04962596486,0.004426099649,,3,rsi_revert,2,1,1,0
S0542,qwen3.8-max,open,17.9248125,452,164,5,3,16,598.5083002,12,89,0.5260906397,-0.597405287,-1.485172637,-0.6518749958,966,-0.597405287,-1.485172637,-0.6518749958,0,,1,1,0,0,0,,3,donchian_break,1,1,1,0
S0543,qwen3.8-max,open,27.43458751,576,38,7,3,19,968.4287646,15,119,0.4177548276,-0.4503812172,-2.275728538,-0.4777858807,497,-0.3952731795,-1.923739445,-0.425425597,0,,0.9722528078,0.9858299595,551.0803771,0.3519890924,0.05236028368,,3,donchian_break,3,1,1,0
S0544,qwen3.8-max,open,20.09473751,478,156,6,3,19,1068.068737,8,111,0.4399782008,-0.4063568267,-1.956174533,-0.4309120925,311,-0.4063568267,-1.956174533,-0.4309120925,0,,1,1,1.998401444e-11,1.287858709e-14,1.498801083e-15,,3,rsi_revert,1,1,1,0
S0545,qwen3.8-max,open,30.84962501,576,24,11,3,33,1481.695005,11,86,0.4985744558,-0.3080376659,-1.704564099,-0.3380798596,448,-0.3268737331,-1.761870978,-0.3356422276,0,,0.4583454282,0.4789833822,188.3606718,-0.05730687919,0.002437632064,,3,breakout_pullback,3,1,1,0
S0549,qwen3.8-max,open,27.60451251,492,123,7,4,21,806.3252283,14,96,0.5581782812,-0.337459585,-0.4489036703,-0.503513847,480,-0.337459585,-0.4489036703,-0.503513847,0,,1,1,0,0,0,,3,rsi_revert,3,1,1,0
S0551,qwen3.8-max,open,20.84962501,512,157,3,3,20,776.8854479,10,93,0.5659524592,-0.3027648095,-0.2654173093,-0.4540910657,556,0.2852810838,0.5049156087,-0.441597747,0,,0.5410432482,0.1156069364,5880.458933,0.770332918,0.01249331868,,3,box_breakout,1,1,1,0
S0553,qwen3.8-max,open,31.77443751,722,16,7,3,24,1330.581537,15,117,0.3416347637,-0.4390807952,-4.261734372,-0.4435242377,395,-0.3833267759,-2.914750004,-0.3990036899,0,,0.7872827081,0.7423469388,557.5401929,1.346984369,0.04452054776,,3,box_breakout,3,1,1,0
S0555,qwen3.8-max,open,19.26466251,697,204,4,3,19,690.686772,9,64,0.5597977694,-0.3264914287,-1.695824835,-0.3636735835,571,-0.2554247752,-2.058883482,-0.2755951199,0,,0.472318749,0.3568818514,710.6665344,-0.363058647,0.08807846359,,3,rsi_revert,1,1,1,0
S0640,qwen3.8-max,open,24.43458751,964,341,6,3,21,858.0996224,12,82,0.5707908516,-0.7082374387,-1.774565124,-0.7521869299,251,-0.7082374387,-1.774565124,-0.7521869299,0,,1,1,0,0,0,,4,donchian_break,2,1,1,0
S0641,qwen3.8-max,open,24.43458751,843,271,4,3,19,763.5655571,11,88,0.5544809253,-0.687633449,-1.001050893,-0.731674754,532,-0.8508422766,-3.31696813,-0.8567500824,0,,0.3977279546,0.1621621622,1632.088275,-2.315917237,-0.1250753284,,4,rsi_revert,2,1,1,0
S0642,qwen3.8-max,open,22.67970001,950,291,8,3,26,882.6167544,11,86,0.5945667494,-0.6853061126,-1.738737329,-0.7481060645,551,-0.5341519046,-1.955206331,-0.5931349336,0,,0.3212857744,0.1626712329,1511.54208,-0.2164690019,0.1549711309,,4,breakout_pullback,2,1,1,0
S0643,qwen3.8-max,open,22.84962501,2883,832,5,3,18,676.5039507,9,74,0.5735679695,-0.6783364597,-1.421644635,-0.7050659172,289,-0.6783364597,-1.421644635,-0.7050659172,0,,1,1,0,0,0,,4,rsi_revert,2,1,1,0
S0646,qwen3.8-max,open,23.67970001,1137,291,5,3,23,810,14,106,0.5825987438,-0.6704153413,-1.59860024,-0.6880563409,318,-0.6704153413,-1.59860024,-0.6880563409,0,,1,1,0,0,0,,4,donchian_break,2,1,1,0
S0648,qwen3.8-max,open,23.60451251,2876,790,6,3,19,811.7666198,9,98,0.5509422314,-0.6932614124,-1.0874695,-0.7703137944,165,-0.6932614124,-1.0874695,-0.7703137944,0,,1,1,0,0,0,,4,rsi_revert,2,1,1,0
S0649,qwen3.8-max,open,18.67970001,1967,696,6,3,19,788.5915948,7,109,0.5622389321,-0.7264936158,-1.304018535,-0.800133177,179,-0.7264936158,-1.304018535,-0.800133177,0,,1,1,0,0,0,,4,rsi_revert,1,1,1,0
S0651,qwen3.8-max,open,23.26466251,2836,1210,4,3,19,696,13,92,0.5943587693,-0.7249513529,-1.094723479,-0.7605163159,169,-0.7249513529,-1.094839685,-0.7605163159,0,,0.9998979826,0.9940828402,0,-0.0001162062912,0,,4,rsi_revert,2,1,1,0
S0652,qwen3.8-max,open,23.26466251,904,237,4,3,18,600.7876715,13,119,0.4745019529,-0.6897819929,-1.637380839,-0.7167646268,444,-0.6897819929,-1.637380839,-0.7167646268,0,,1,1,0,0,0,,4,box_breakout,2,1,1,0
S0654,qwen3.8-max,open,24.01955001,882,270,5,3,17,652.9733785,9,90,0.4923839991,-0.7367657094,-1.672678959,-0.761567895,353,-0.6468891474,-1.035601835,-0.6755405718,0,,0.7101191678,0.6533490012,898.7656202,0.6370771241,0.08602732314,,4,box_breakout,2,1,1,0
S0656,qwen3.8-max,open,18.09473751,2882,853,3,3,16,564.3435321,6,77,0.5740809497,-0.8060678947,-1.413115022,-0.8272752973,289,-0.7685285271,-1.177283825,-0.7974134369,0,,0.8514070308,0.1446654611,375.3936763,0.2358311966,0.02986186042,,4,rsi_revert,1,1,1,0
S0657,qwen3.8-max,open,18.84962501,895,285,3,3,17,661.5717467,9,101,0.5657332048,-0.7202973873,-1.00453627,-0.7795601199,359,-0.7202973873,-1.00453627,-0.7795601199,0,,1,1,0,0,0,,4,rsi_revert,1,1,1,0
S0659,qwen3.8-max,open,28.01955001,848,289,6,4,23,833.5824903,12,100,0.5772771674,-0.7028785667,-1.366692826,-0.7473169074,269,-0.7028785667,-1.366692826,-0.7473169074,0,,1,1,0,0,0,,4,rsi_revert,3,1,1,0
S0663,qwen3.8-max,open,19.09473751,2836,1256,5,3,18,758.8183444,11,95,0.6097430227,-0.6524335507,-1.499905602,-0.6952819568,155,-0.6524335507,-1.499905602,-0.6952819568,0,,1,1,0,0,0,,4,rsi_revert,1,1,1,0
S0665,qwen3.8-max,open,27.84962501,841,323,8,3,26,955.9329096,12,108,0.6058459285,-0.6557693573,-2.01294808,-0.6969670623,596,-0.680307825,-1.959502388,-0.700561813,0,,0.6782926144,0.6391143911,245.384677,0.05344569221,-0.003594750747,,4,breakout_pullback,3,1,1,0
S0666,qwen3.8-max,open,30.3414781,1302,45,9,3,22,1242.440174,13,103,0.4535050049,-0.4866594288,-3.305555948,-0.4950155149,338,-0.4866594288,-3.305555948,-0.4950155149,0,,1,1,0,0,0,,4,rsi_revert,3,1,1,0
S0668,qwen3.8-max,open,18.09473751,1803,582,4,3,19,624.1192315,11,70,0.5823177688,-0.5122231222,-0.8217472317,-0.5691607398,282,-0.5122231222,-0.8217472317,-0.5691607398,0,,1,1,0,0,0,,4,rsi_revert,1,1,1,0
S0669,qwen3.8-max,open,19.67970001,853,180,6,3,19,800.7237731,8,96,0.518776678,-0.5583138546,-1.229616699,-0.6107823394,348,-0.5583138546,-1.229616699,-0.6107823394,0,,1,1,0,0,0,,4,ma_cross,1,1,1,0
S0671,qwen3.8-max,open,25.26466251,802,256,4,4,21,738.3613245,11,85,0.4768335148,-0.4829268521,-1.915333858,-0.5143884149,307,-0.5880415727,-1.996863398,-0.6064490662,0,,0.5118281333,0.7065026362,1051.147206,-0.08152954063,-0.09206065129,,4,box_breakout,2,1,1,0
S0672,qwen3.8-max,open,19.26466251,1895,663,3,3,16,637.9441843,12,82,0.5549257065,-0.5532898948,-1.717391744,-0.589043683,236,-0.5532898948,-1.717391744,-0.589043683,0,,1,1,0,0,0,,4,rsi_revert,1,1,1,0
S0673,qwen3.8-max,open,24.01955001,1803,716,5,4,19,760.9328552,14,103,0.5518314438,-0.5760083885,-1.560403053,-0.6244946617,175,-0.5760083885,-1.560403053,-0.6244946617,0,,1,1,0,0,0,,4,rsi_revert,2,1,1,0
S0674,qwen3.8-max,open,21.26466251,1020,365,6,3,17,583.9173311,15,93,0.5651853653,-0.4905848397,-1.284788965,-0.5601114188,281,-0.4905848397,-1.284788965,-0.5601114188,0,,1,1,0,0,0,,4,donchian_break,2,1,1,0
S0677,qwen3.8-max,open,32.7565156,1161,89,8,4,28,1163.153921,13,109,0.4907757856,-0.550624532,-2.263881539,-0.6010645619,357,-0.5421421684,-2.175857855,-0.593534299,0,,0.9793713961,0.990237099,84.82363602,0.08802368444,0.007530262955,,4,ma_cross,3,1,1,0
S0680,qwen3.8-max,open,24.01955001,802,230,4,3,17,682.0347938,13,104,0.4660049204,-0.5352080298,-1.998044542,-0.5627145518,446,-0.5352080298,-1.998044542,-0.5627145518,0,,1,1,0,0,0,,4,box_breakout,2,1,1,0
S0681,qwen3.8-max,open,24.84962501,884,31,6,3,19,996.41906,9,101,0.3551660021,-0.4777778804,-4.204428861,-0.4909452652,659,-0.4777778804,-4.204428861,-0.4909452652,0,,1,1,0,0,0,,4,ma_cross,2,1,1,0
S0685,qwen3.8-max,open,31.18947501,2883,1328,6,4,24,1033.39555,11,109,0.5329722564,-0.5604354085,-1.109149741,-0.6726177852,99,-0.5604354085,-1.109149741,-0.6726177852,0,,1,1,0,0,0,,4,rsi_revert,3,1,1,0
S0687,qwen3.8-max,open,28.01955001,1461,353,6,4,18,652.9733785,10,81,0.4606812187,-0.5161180059,-1.568568453,-0.6081218609,156,-0.5161180059,-1.568568453,-0.6081218609,0,,1,1,0,0,0,,4,donchian_break,3,1,1,0
S0688,qwen3.8-max,open,18.67970001,2876,788,6,3,19,788.5915948,6,82,0.5509422314,-0.457911936,-0.5846659389,-0.5988766196,165,-0.457911936,-0.5846659389,-0.5988766196,0,,1,1,0,0,0,,4,rsi_revert,1,1,1,0
S0690,qwen3.8-max,open,24.01955001,821,268,4,4,19,726,9,91,0.5690867669,-0.6262573045,-1.043018781,-0.7169469425,284,-0.6262573045,-1.043018781,-0.7169469425,0,,1,1,0,0,0,,4,rsi_revert,2,1,1,0
S0691,qwen3.8-max,open,17.67970001,1137,363,4,3,15,533.2079821,16,98,0.5640483311,-0.531651661,-1.018234434,-0.6304961762,284,-0.531651661,-1.018234434,-0.6304961762,0,,1,1,0,0,0,,4,donchian_break,1,1,1,0
S0692,qwen3.8-max,open,23.26466251,2047,1109,4,3,19,696,11,102,0.6162227056,-0.4669475342,-0.632568118,-0.4812664603,199,-0.4669475342,-0.632568118,-0.4812664603,0,,1,1,0,0,0,,4,rsi_revert,2,1,1,0
S0693,qwen3.8-max,open,25.26466251,947,198,6,4,20,836.8678506,14,100,0.5077337285,-0.5860011709,-1.919972902,-0.5918764933,250,-0.5860011709,-1.919972902,-0.5918764933,0,,1,1,0,0,0,,4,ma_cross,2,1,1,0
S0694,qwen3.8-max,open,19.26466251,2099,721,4,3,19,690.686772,9,95,0.5679881198,-0.510149855,-1.381579856,-0.5422443186,345,-0.4051251745,-2.417642153,-0.4156542775,0,,0.191404341,0.2972718721,1050.246805,-1.036062297,0.1265900411,,4,rsi_revert,1,1,1,0
S0695,qwen3.8-max,open,29.1715531,950,55,7,3,24,836.8678506,10,94,0.5647799045,-0.4534863233,-1.160053835,-0.5100216406,374,-0.4534863233,-1.160053835,-0.5100216406,0,,1,1,0,0,0,,4,donchian_break,3,1,1,0
S0697,qwen3.8-max,open,21.09473751,1897,617,5,3,22,977.6187003,12,114,0.5139082977,-0.5448861504,-1.11818812,-0.5800528439,113,-0.5693426934,-1.029459186,-0.6172181149,0,,0.7124417649,0.5933014354,244.56543,0.08872893356,-0.03716527093,,4,rsi_revert,1,1,1,0
S0702,qwen3.8-max,open,24.26466251,1161,208,5,4,21,702.5951646,10,84,0.5078291826,-0.518067945,-1.43894945,-0.6070536269,370,-0.518067945,-1.43894945,-0.6070536269,0,,1,1,0,0,0,,4,ma_cross,2,1,1,0
S0704,qwen3.8-max,open,32.5114031,1192,91,7,3,26,1086.693962,10,98,0.5122610963,-0.3941753578,-1.444444889,-0.4006895203,376,-0.3708904983,-1.370394113,-0.3976520392,0,,0.939308398,0.8260292165,232.8485953,0.07405077639,0.003037481059,,4,ma_cross,3,1,1,0
S0705,qwen3.8-max,open,29.60451251,3309,49,5,4,22,940.8533329,10,82,0.539996607,-0.2511438997,-2.658314627,-0.2598317933,107,-0.2282810507,-2.189270582,-0.2327699788,0,,0.8743855816,0.9422222222,228.6284899,0.4690440448,0.0270618145,,4,rsi_revert,3,1,,0
S0706,qwen3.8-max,open,24.84962501,993,194,7,4,21,867.1143439,11,93,0.4838609129,-0.3361380372,-1.496314883,-0.3635656797,247,-0.4618951634,-1.408965163,-0.4906757519,0,,0.5755723452,1,1257.571262,0.0873497201,-0.1271100722,,4,ma_cross,2,1,1,0
S0708,qwen3.8-max,open,27.84962501,950,16,7,3,23,824.9881299,12,94,0.7135630076,-0.352055478,-2.401528308,-0.3540291648,487,-0.327170597,-2.455826326,-0.3304843012,0,,0.7616,0.656504065,248.8488096,-0.05429801822,0.0235448636,,4,donchian_break,3,1,1,0
