strategy_id,block,inert
S0000,time_stop,True
S0000,trailing_hwm,False
S0002,fixed_stop,False
S0002,time_stop,True
S0003,fixed_stop,False
S0003,time_stop,False
S0004,take_profit,False
S0004,time_stop,False
S0005,box_shift,False
S0005,time_stop,False
S0007,partial_take,False
S0007,trailing_hwm,False
S0008,box_shift,False
S0008,time_stop,False
S0008,trailing_hwm,False
S0010,box_shift,False
S0010,breakeven,False
S0012,fixed_stop,False
S0012,time_stop,False
S0014,breakeven,True
S0014,trailing_hwm,False
S0015,fixed_stop,True
S0015,trailing_hwm,False
S0016,breakeven,False
S0016,trailing_hwm,False
S0017,time_stop,False
S0017,trailing_hwm,False
S0020,cooldown,False
S0020,time_stop,False
S0021,cooldown,False
S0021,fixed_stop,False
S0021,take_profit,False
S0022,partial_take,False
S0022,trailing_hwm,False
S0024,cooldown,False
S0024,trailing_hwm,False
S0025,box_shift,False
S0025,time_stop,True
S0026,take_profit,False
S0026,trailing_hwm,False
S0027,breakeven,False
S0027,take_profit,False
S0028,time_stop,False
S0028,trailing_hwm,False
S0029,breakeven,False
S0029,time_stop,True
S0031,breakeven,False
S0031,take_profit,False
S0032,breakeven,False
S0032,fixed_stop,False
S0032,time_stop,True
S0033,fixed_stop,False
S0033,time_stop,False
S0034,take_profit,False
S0034,time_stop,False
S0034,trailing_hwm,False
S0035,time_stop,True
S0035,trailing_hwm,False
S0036,box_shift,False
S0036,time_stop,False
S0038,fixed_stop,True
S0038,time_stop,False
S0038,trailing_hwm,False
S0039,breakeven,False
S0039,take_profit,False
S0039,time_stop,False
S0040,fixed_stop,True
S0040,partial_take,False
S0040,trailing_hwm,False
S0041,fixed_stop,False
S0041,partial_take,False
S0041,take_profit,False
S0042,partial_take,False
S0042,time_stop,False
S0043,box_shift,False
S0043,partial_take,False
S0044,fixed_stop,False
S0044,take_profit,False
S0044,time_stop,False
S0047,fixed_stop,False
S0047,trailing_hwm,False
S0048,partial_take,False
S0048,time_stop,False
S0050,partial_take,False
S0050,time_stop,False
S0051,partial_take,False
S0051,time_stop,False
S0051,trailing_hwm,False
S0052,take_profit,False
S0052,time_stop,False
S0052,trailing_hwm,False
S0053,cooldown,False
S0053,fixed_stop,False
S0054,box_shift,False
S0054,trailing_hwm,True
S0056,fixed_stop,False
S0056,time_stop,False
S0057,box_shift,False
S0057,breakeven,False
S0057,trailing_hwm,False
S0059,fixed_stop,False
S0059,time_stop,False
S0060,box_shift,False
S0060,trailing_hwm,False
S0063,breakeven,True
S0063,partial_take,False
S0063,trailing_hwm,False
S0064,breakeven,False
S0064,partial_take,False
S0064,time_stop,False
S0065,time_stop,False
S0065,trailing_hwm,False
S0066,breakeven,False
S0066,fixed_stop,False
S0066,time_stop,False
S0067,take_profit,False
S0067,trailing_hwm,False
S0068,partial_take,False
S0068,time_stop,False
S0069,take_profit,False
S0069,time_stop,False
S0070,box_shift,False
S0070,time_stop,False
S0071,fixed_stop,True
S0071,time_stop,True
S0071,trailing_hwm,False
S0072,breakeven,False
S0072,fixed_stop,False
S0072,time_stop,False
S0075,fixed_stop,False
S0075,time_stop,False
S0078,time_stop,False
S0078,trailing_hwm,False
S0079,fixed_stop,False
S0079,time_stop,False
S0079,trailing_hwm,False
S0080,partial_take,False
S0080,time_stop,False
S0080,trailing_hwm,False
S0081,box_shift,False
S0081,partial_take,False
S0081,trailing_hwm,False
S0082,fixed_stop,False
S0082,take_profit,False
S0082,time_stop,False
S0083,take_profit,False
S0083,time_stop,True
S0083,trailing_hwm,False
S0084,partial_take,False
S0084,time_stop,False
S0086,breakeven,True
S0086,trailing_hwm,False
S0088,breakeven,False
S0088,time_stop,False
S0089,breakeven,False
S0089,time_stop,False
S0090,box_shift,False
S0090,time_stop,False
S0091,fixed_stop,False
S0091,time_stop,False
S0092,box_shift,False
S0092,breakeven,False
S0092,time_stop,True
S0093,take_profit,False
S0093,time_stop,False
S0094,take_profit,False
S0094,time_stop,False
S0095,box_shift,False
S0095,time_stop,False
S0095,trailing_hwm,False
S0096,breakeven,True
S0096,take_profit,False
S0096,trailing_hwm,False
S0098,fixed_stop,True
S0098,partial_take,False
S0098,trailing_hwm,False
S0099,box_shift,False
S0099,trailing_hwm,False
S0100,fixed_stop,False
S0100,time_stop,False
S0100,trailing_hwm,False
S0102,take_profit,False
S0102,time_stop,False
S0103,take_profit,False
S0103,trailing_hwm,False
S0105,partial_take,False
S0105,time_stop,False
S0107,breakeven,False
S0107,take_profit,False
S0107,trailing_hwm,False
S0109,box_shift,False
S0109,breakeven,False
S0109,time_stop,False
S0110,time_stop,True
S0110,trailing_hwm,False
S0112,fixed_stop,True
S0112,trailing_hwm,False
S0114,box_shift,False
S0114,time_stop,False
S0114,trailing_hwm,False
S0117,take_profit,False
S0117,trailing_hwm,False
S0118,fixed_stop,False
S0118,time_stop,False
S0119,partial_take,False
S0119,time_stop,False
S0119,trailing_hwm,False
S0120,box_shift,False
S0120,partial_take,False
S0120,time_stop,False
S0121,fixed_stop,False
S0121,trailing_hwm,False
S0122,box_shift,False
S0122,breakeven,False
S0122,time_stop,True
S0123,box_shift,False
S0123,time_stop,False
S0126,fixed_stop,False
S0126,time_stop,False
S0127,breakeven,False
S0127,time_stop,False
S0127,trailing_hwm,False
S0128,breakeven,False
S0128,time_stop,False
S0129,partial_take,False
S0129,trailing_hwm,False
S0132,take_profit,False
S0132,trailing_hwm,False
S0133,fixed_stop,False
S0133,partial_take,False
S0133,trailing_hwm,False
S0134,box_shift,False
S0134,partial_take,False
S0134,time_stop,False
S0135,box_shift,False
S0135,time_stop,True
S0135,trailing_hwm,False
S0136,breakeven,False
S0136,take_profit,False
S0136,time_stop,False
S0137,breakeven,False
S0137,time_stop,False
S0138,box_shift,False
S0138,time_stop,True
S0138,trailing_hwm,False
S0139,take_profit,False
S0139,time_stop,False
S0140,fixed_stop,True
S0140,take_profit,False
S0140,trailing_hwm,False
S0141,breakeven,False
S0141,time_stop,False
S0142,take_profit,False
S0142,time_stop,False
S0145,fixed_stop,False
S0145,trailing_hwm,False
S0146,box_shift,False
S0146,trailing_hwm,False
S0147,fixed_stop,False
S0147,time_stop,False
S0150,box_shift,False
S0150,time_stop,False
S0151,breakeven,False
S0151,fixed_stop,False
S0151,trailing_hwm,False
S0152,breakeven,True
S0152,trailing_hwm,False
S0153,fixed_stop,False
S0153,time_stop,False
S0154,partial_take,False
S0154,trailing_hwm,False
S0155,fixed_stop,False
S0155,take_profit,False
S0156,box_shift,False
S0156,time_stop,False
S0157,fixed_stop,False
S0157,time_stop,False
S0158,box_shift,False
S0158,partial_take,False
S0159,fixed_stop,False
S0159,partial_take,False
S0159,trailing_hwm,False
S0160,daily_cap,False
S0160,partial_take,False
S0160,trailing_hwm,False
S0161,cooldown,False
S0161,take_profit,False
S0161,time_stop,True
S0162,cooldown,False
S0162,partial_take,False
S0162,time_stop,False
S0163,cooldown,False
S0163,time_stop,True
S0164,box_shift,False
S0164,cooldown,False
S0164,time_stop,True
S0165,partial_take,False
S0165,take_profit,False
S0165,trailing_hwm,False
S0166,take_profit,False
S0166,time_stop,False
S0167,box_shift,False
S0167,breakeven,True
S0168,cooldown,False
S0168,time_stop,False
S0168,trailing_hwm,False
S0169,box_shift,False
S0169,time_stop,False
S0170,take_profit,False
S0170,time_stop,False
S0171,take_profit,False
S0171,trailing_hwm,False
S0173,daily_cap,False
S0173,take_profit,False
S0173,time_stop,False
S0175,cooldown,False
S0175,daily_cap,True
S0175,fixed_stop,False
S0178,box_shift,False
S0178,breakeven,True
S0178,time_stop,False
S0179,time_stop,False
S0179,trailing_hwm,False
S0180,daily_cap,False
S0180,fixed_stop,False
S0180,take_profit,False
S0181,box_shift,False
S0181,daily_cap,False
S0181,partial_take,True
S0182,box_shift,False
S0182,trailing_hwm,False
S0185,daily_cap,False
S0185,trailing_hwm,False
S0186,fixed_stop,False
S0186,time_stop,False
S0188,daily_cap,False
S0188,fixed_stop,False
S0193,breakeven,False
S0193,fixed_stop,False
S0193,trailing_hwm,False
S0194,breakeven,False
S0194,time_stop,True
S0195,box_shift,False
S0195,time_stop,False
S0195,trailing_hwm,False
S0196,cooldown,False
S0196,daily_cap,False
S0196,time_stop,True
S0198,breakeven,False
S0198,time_stop,False
S0198,trailing_hwm,False
S0199,box_shift,False
S0199,partial_take,False
S0200,partial_take,False
S0200,take_profit,False
S0200,time_stop,False
S0201,breakeven,False
S0201,fixed_stop,False
S0201,take_profit,False
S0202,box_shift,False
S0202,daily_cap,False
S0202,trailing_hwm,True
S0203,breakeven,False
S0203,take_profit,False
S0203,time_stop,False
S0206,box_shift,False
S0206,breakeven,False
S0206,time_stop,False
S0207,cooldown,False
S0207,take_profit,False
S0207,time_stop,True
S0208,take_profit,False
S0208,time_stop,False
S0209,daily_cap,False
S0209,trailing_hwm,False
S0211,cooldown,False
S0211,time_stop,True
S0212,breakeven,False
S0212,partial_take,False
S0212,time_stop,False
S0213,box_shift,False
S0213,cooldown,False
S0214,daily_cap,False
S0214,take_profit,False
S0215,daily_cap,False
S0215,trailing_hwm,False
S0216,fixed_stop,True
S0216,trailing_hwm,False
S0218,cooldown,False
S0218,fixed_stop,False
S0219,breakeven,False
S0219,daily_cap,False
S0219,partial_take,False
S0220,cooldown,False
S0220,daily_cap,True
S0220,partial_take,False
S0221,take_profit,False
S0221,time_stop,False
S0222,breakeven,False
S0222,time_stop,False
S0223,box_shift,False
S0223,breakeven,True
S0223,daily_cap,False
S0225,cooldown,False
S0225,daily_cap,False
S0225,trailing_hwm,False
S0227,breakeven,False
S0227,fixed_stop,False
S0227,take_profit,False
S0228,breakeven,False
S0228,cooldown,False
S0228,daily_cap,False
S0229,breakeven,False
S0229,time_stop,False
S0229,trailing_hwm,False
S0231,daily_cap,False
S0231,time_stop,False
S0232,partial_take,False
S0232,time_stop,False
S0234,breakeven,False
S0234,daily_cap,False
S0236,cooldown,False
S0236,take_profit,False
S0236,trailing_hwm,False
S0238,fixed_stop,False
S0238,time_stop,False
S0239,cooldown,False
S0239,trailing_hwm,False
S0241,cooldown,False
S0241,partial_take,False
S0241,take_profit,False
S0242,take_profit,False
S0242,time_stop,False
S0244,box_shift,False
S0244,trailing_hwm,True
S0245,box_shift,False
S0245,cooldown,False
S0246,box_shift,False
S0246,trailing_hwm,False
S0247,box_shift,False
S0247,daily_cap,False
S0247,time_stop,True
S0248,breakeven,False
S0248,daily_cap,False
S0249,cooldown,False
S0249,trailing_hwm,False
S0250,box_shift,False
S0250,cooldown,False
S0250,time_stop,True
S0252,breakeven,False
S0252,fixed_stop,False
S0252,partial_take,False
S0253,daily_cap,False
S0253,fixed_stop,False
S0253,trailing_hwm,False
S0258,breakeven,False
S0258,time_stop,False
S0259,fixed_stop,False
S0259,take_profit,False
S0259,trailing_hwm,False
S0260,box_shift,False
S0260,time_stop,False
S0260,trailing_hwm,True
S0261,partial_take,False
S0261,time_stop,False
S0263,box_shift,False
S0263,breakeven,False
S0263,time_stop,False
S0266,breakeven,False
S0266,time_stop,False
S0267,breakeven,False
S0267,take_profit,False
S0268,breakeven,False
S0268,fixed_stop,False
S0268,take_profit,False
S0269,breakeven,False
S0269,time_stop,False
S0269,trailing_hwm,False
S0270,partial_take,False
S0270,time_stop,False
S0272,breakeven,False
S0272,time_stop,False
S0273,partial_take,False
S0273,time_stop,False
S0274,take_profit,False
S0274,time_stop,False
S0275,fixed_stop,False
S0275,partial_take,False
S0275,time_stop,False
S0277,breakeven,False
S0277,time_stop,False
S0278,fixed_stop,True
S0278,trailing_hwm,False
S0279,cooldown,False
S0279,fixed_stop,False
S0280,partial_take,False
S0280,trailing_hwm,False
S0282,breakeven,False
S0282,time_stop,False
S0282,trailing_hwm,False
S0283,fixed_stop,False
S0283,take_profit,False
S0284,fixed_stop,False
S0284,time_stop,False
S0284,trailing_hwm,False
S0286,partial_take,False
S0286,trailing_hwm,False
S0287,box_shift,False
S0287,breakeven,True
S0287,time_stop,False
S0289,time_stop,False
S0289,trailing_hwm,False
S0290,fixed_stop,True
S0290,time_stop,False
S0290,trailing_hwm,False
S0291,fixed_stop,False
S0291,time_stop,False
S0291,trailing_hwm,False
S0292,breakeven,False
S0292,fixed_stop,False
S0292,take_profit,False
S0293,breakeven,False
S0293,time_stop,False
S0293,trailing_hwm,False
S0294,fixed_stop,False
S0294,time_stop,False
S0297,partial_take,False
S0297,time_stop,False
S0300,take_profit,False
S0300,trailing_hwm,False
S0301,breakeven,False
S0301,time_stop,False
S0302,fixed_stop,False
S0302,partial_take,False
S0302,time_stop,False
S0303,time_stop,False
S0303,trailing_hwm,False
S0304,breakeven,False
S0304,trailing_hwm,False
S0305,time_stop,False
S0305,trailing_hwm,False
S0307,fixed_stop,False
S0307,time_stop,False
S0310,fixed_stop,True
S0310,time_stop,False
S0310,trailing_hwm,False
S0311,box_shift,False
S0311,breakeven,False
S0311,trailing_hwm,True
S0313,breakeven,False
S0313,fixed_stop,False
S0313,trailing_hwm,False
S0314,box_shift,False
S0314,time_stop,False
S0315,breakeven,False
S0315,time_stop,False
S0317,partial_take,False
S0317,take_profit,False
S0317,trailing_hwm,False
S0318,box_shift,False
S0318,breakeven,False
S0319,breakeven,False
S0319,time_stop,False
S0320,box_shift,False
S0320,cooldown,False
S0323,daily_cap,False
S0323,fixed_stop,False
S0323,partial_take,False
S0324,fixed_stop,True
S0324,trailing_hwm,False
S0325,daily_cap,False
S0325,partial_take,False
S0325,time_stop,False
S0326,breakeven,False
S0326,fixed_stop,False
S0326,trailing_hwm,False
S0327,cooldown,False
S0327,time_stop,False
S0328,breakeven,False
S0328,fixed_stop,False
S0329,breakeven,False
S0329,daily_cap,False
S0330,cooldown,False
S0330,partial_take,False
S0330,time_stop,False
S0331,daily_cap,False
S0331,fixed_stop,False
S0331,partial_take,False
S0333,daily_cap,False
S0333,partial_take,False
S0335,cooldown,False
S0335,trailing_hwm,False
S0336,daily_cap,False
S0336,trailing_hwm,False
S0337,daily_cap,False
S0337,fixed_stop,False
S0337,partial_take,False
S0338,daily_cap,False
S0338,take_profit,False
S0338,trailing_hwm,False
S0339,box_shift,False
S0339,cooldown,False
S0340,breakeven,False
S0340,partial_take,False
S0341,box_shift,False
S0341,breakeven,False
S0341,daily_cap,False
S0343,daily_cap,False
S0343,partial_take,False
S0343,take_profit,False
S0344,daily_cap,False
S0344,partial_take,False
S0344,trailing_hwm,False
S0345,breakeven,False
S0345,cooldown,False
S0347,cooldown,False
S0347,trailing_hwm,False
S0348,fixed_stop,False
S0348,take_profit,False
S0349,fixed_stop,False
S0349,take_profit,False
S0350,fixed_stop,False
S0350,partial_take,False
S0350,take_profit,False
S0351,daily_cap,False
S0351,partial_take,False
S0351,time_stop,False
S0352,fixed_stop,False
S0352,take_profit,False
S0352,trailing_hwm,True
S0353,box_shift,False
S0353,partial_take,False
S0354,breakeven,False
S0354,take_profit,False
S0354,trailing_hwm,False
S0355,fixed_stop,True
S0355,take_profit,False
S0355,trailing_hwm,False
S0357,box_shift,False
S0357,cooldown,False
S0357,partial_take,False
S0358,breakeven,False
S0358,cooldown,False
S0358,partial_take,False
S0359,cooldown,False
S0359,trailing_hwm,False
S0360,box_shift,False
S0360,daily_cap,False
S0361,daily_cap,False
S0361,trailing_hwm,False
S0362,daily_cap,False
S0362,take_profit,False
S0362,time_stop,False
S0364,cooldown,False
S0364,fixed_stop,False
S0366,box_shift,False
S0366,daily_cap,False
S0366,time_stop,False
S0367,daily_cap,False
S0367,take_profit,False
S0367,trailing_hwm,False
S0368,box_shift,False
S0368,breakeven,False
S0368,partial_take,False
S0369,cooldown,False
S0369,daily_cap,False
S0369,partial_take,False
S0370,breakeven,False
S0370,daily_cap,False
S0370,partial_take,False
S0372,breakeven,False
S0372,fixed_stop,False
S0372,trailing_hwm,False
S0373,breakeven,False
S0373,take_profit,False
S0375,box_shift,False
S0375,cooldown,False
S0375,time_stop,False
S0376,fixed_stop,False
S0376,take_profit,False
S0376,trailing_hwm,False
S0377,daily_cap,False
S0377,fixed_stop,False
S0377,take_profit,False
S0379,fixed_stop,False
S0379,time_stop,False
S0379,trailing_hwm,False
S0380,breakeven,False
S0380,fixed_stop,False
S0381,box_shift,False
S0381,trailing_hwm,True
S0382,daily_cap,False
S0382,take_profit,False
S0382,trailing_hwm,False
S0383,box_shift,False
S0383,daily_cap,False
S0384,box_shift,False
S0384,trailing_hwm,False
S0385,breakeven,False
S0385,cooldown,False
S0386,box_shift,False
S0386,breakeven,False
S0387,box_shift,False
S0387,partial_take,True
S0389,box_shift,False
S0389,breakeven,True
S0389,cooldown,False
S0391,box_shift,False
S0391,breakeven,True
S0392,cooldown,False
S0392,fixed_stop,False
S0392,take_profit,False
S0393,breakeven,False
S0393,cooldown,False
S0393,time_stop,False
S0394,cooldown,False
S0394,trailing_hwm,False
S0395,breakeven,False
S0395,daily_cap,False
S0395,trailing_hwm,False
S0396,daily_cap,False
S0396,fixed_stop,False
S0397,fixed_stop,True
S0397,take_profit,False
S0397,trailing_hwm,False
S0399,partial_take,False
S0399,trailing_hwm,False
S0400,breakeven,False
S0400,fixed_stop,False
S0400,take_profit,False
S0401,breakeven,False
S0401,cooldown,False
S0405,partial_take,True
S0405,take_profit,False
S0406,breakeven,False
S0406,fixed_stop,False
S0406,partial_take,False
S0407,box_shift,False
S0407,daily_cap,False
S0408,daily_cap,False
S0408,take_profit,False
S0408,time_stop,False
S0409,breakeven,False
S0409,trailing_hwm,False
S0410,breakeven,False
S0410,time_stop,False
S0411,breakeven,False
S0411,time_stop,False
S0411,trailing_hwm,False
S0412,partial_take,False
S0412,time_stop,False
S0416,fixed_stop,False
S0416,partial_take,True
S0416,take_profit,False
S0418,box_shift,False
S0418,breakeven,False
S0421,take_profit,False
S0421,time_stop,False
S0423,box_shift,False
S0423,breakeven,True
S0425,partial_take,False
S0425,time_stop,False
S0426,breakeven,False
S0426,trailing_hwm,False
S0428,cooldown,False
S0428,partial_take,False
S0429,box_shift,False
S0429,cooldown,False
S0429,trailing_hwm,False
S0430,time_stop,True
S0430,trailing_hwm,False
S0431,box_shift,False
S0431,breakeven,False
S0431,cooldown,False
S0432,breakeven,False
S0432,time_stop,False
S0433,cooldown,False
S0433,fixed_stop,False
S0434,fixed_stop,False
S0434,take_profit,False
S0434,time_stop,True
S0435,cooldown,False
S0435,take_profit,False
S0435,time_stop,False
S0436,cooldown,False
S0436,partial_take,False
S0436,take_profit,False
S0437,box_shift,False
S0437,breakeven,False
S0438,box_shift,False
S0438,partial_take,True
S0439,breakeven,False
S0439,fixed_stop,False
S0439,take_profit,False
S0442,daily_cap,False
S0442,trailing_hwm,False
S0443,breakeven,False
S0443,take_profit,False
S0443,trailing_hwm,False
S0446,box_shift,False
S0446,daily_cap,False
S0447,breakeven,False
S0447,fixed_stop,False
S0447,take_profit,False
S0448,breakeven,False
S0448,fixed_stop,False
S0448,trailing_hwm,False
S0450,box_shift,False
S0450,breakeven,False
S0450,trailing_hwm,True
S0451,fixed_stop,False
S0451,trailing_hwm,False
S0452,fixed_stop,False
S0452,take_profit,False
S0454,breakeven,False
S0454,take_profit,False
S0454,time_stop,False
S0456,cooldown,False
S0456,partial_take,False
S0456,trailing_hwm,False
S0457,breakeven,False
S0457,fixed_stop,False
S0457,time_stop,False
S0459,partial_take,False
S0459,take_profit,False
S0459,time_stop,False
S0460,cooldown,False
S0460,time_stop,False
S0461,breakeven,False
S0461,cooldown,False
S0461,fixed_stop,False
S0462,partial_take,False
S0462,time_stop,False
S0463,partial_take,False
S0463,trailing_hwm,False
S0465,time_stop,False
S0465,trailing_hwm,False
S0466,box_shift,False
S0466,cooldown,True
S0466,daily_cap,True
S0468,fixed_stop,False
S0468,take_profit,False
S0468,trailing_hwm,False
S0469,fixed_stop,False
S0469,trailing_hwm,False
S0470,daily_cap,True
S0470,take_profit,False
S0470,trailing_hwm,False
S0471,daily_cap,False
S0471,take_profit,False
S0473,breakeven,False
S0473,trailing_hwm,False
S0474,take_profit,False
S0474,time_stop,False
S0475,cooldown,False
S0475,time_stop,False
S0475,trailing_hwm,False
S0476,breakeven,False
S0476,time_stop,False
S0477,cooldown,False
S0477,time_stop,False
S0479,breakeven,False
S0479,fixed_stop,False
S0479,trailing_hwm,False
S0480,breakeven,False
S0480,daily_cap,False
S0480,take_profit,False
S0481,breakeven,False
S0481,partial_take,True
S0481,take_profit,False
S0483,daily_cap,False
S0483,time_stop,False
S0485,box_shift,False
S0485,cooldown,False
S0487,fixed_stop,False
S0487,partial_take,False
S0488,daily_cap,False
S0488,partial_take,False
S0488,trailing_hwm,False
S0490,daily_cap,False
S0490,take_profit,False
S0490,trailing_hwm,False
S0491,cooldown,False
S0491,daily_cap,False
S0491,time_stop,False
S0493,daily_cap,False
S0493,take_profit,False
S0494,daily_cap,False
S0494,take_profit,False
S0496,daily_cap,False
S0496,take_profit,False
S0497,fixed_stop,False
S0497,partial_take,False
S0498,box_shift,False
S0498,cooldown,False
S0498,time_stop,False
S0499,daily_cap,False
S0499,take_profit,False
S0499,time_stop,False
S0500,breakeven,False
S0500,fixed_stop,False
S0500,partial_take,False
S0501,cooldown,False
S0501,take_profit,False
S0501,time_stop,False
S0502,daily_cap,False
S0502,take_profit,False
S0503,partial_take,False
S0503,take_profit,False
S0504,cooldown,False
S0504,fixed_stop,False
S0505,partial_take,False
S0505,trailing_hwm,False
S0506,cooldown,False
S0506,daily_cap,False
S0506,partial_take,False
S0507,box_shift,False
S0507,cooldown,False
S0507,partial_take,False
S0508,breakeven,False
S0508,daily_cap,False
S0508,time_stop,False
S0509,cooldown,False
S0509,take_profit,False
S0509,time_stop,False
S0512,breakeven,False
S0512,cooldown,False
S0512,fixed_stop,False
S0513,daily_cap,False
S0513,trailing_hwm,False
S0514,breakeven,False
S0514,partial_take,False
S0515,breakeven,False
S0515,cooldown,False
S0515,time_stop,False
S0516,box_shift,False
S0516,cooldown,False
S0516,daily_cap,True
S0517,cooldown,False
S0517,fixed_stop,False
S0517,trailing_hwm,False
S0518,breakeven,False
S0518,daily_cap,False
S0519,breakeven,False
S0519,fixed_stop,False
S0520,box_shift,False
S0520,breakeven,True
S0520,daily_cap,False
S0521,breakeven,False
S0521,daily_cap,False
S0521,take_profit,False
S0522,daily_cap,False
S0522,partial_take,False
S0522,trailing_hwm,False
S0523,breakeven,False
S0523,cooldown,False
S0523,fixed_stop,False
S0524,cooldown,False
S0524,daily_cap,True
S0525,cooldown,False
S0525,take_profit,False
S0526,box_shift,False
S0526,breakeven,True
S0526,daily_cap,False
S0527,cooldown,False
S0527,take_profit,False
S0527,time_stop,False
S0528,daily_cap,False
S0528,trailing_hwm,False
S0529,daily_cap,False
S0529,partial_take,False
S0529,time_stop,False
S0530,breakeven,False
S0530,take_profit,False
S0532,breakeven,False
S0532,cooldown,False
S0532,trailing_hwm,False
S0533,breakeven,False
S0533,daily_cap,False
S0533,trailing_hwm,False
S0534,cooldown,False
S0534,time_stop,False
S0535,cooldown,False
S0535,take_profit,False
S0536,breakeven,False
S0536,cooldown,False
S0536,partial_take,False
S0539,box_shift,False
S0539,daily_cap,False
S0539,trailing_hwm,True
S0540,box_shift,False
S0540,cooldown,False
S0543,box_shift,False
S0543,daily_cap,False
S0543,partial_take,False
S0545,daily_cap,False
S0545,fixed_stop,True
S0545,trailing_hwm,False
S0547,cooldown,False
S0547,partial_take,False
S0547,trailing_hwm,False
S0548,cooldown,False
S0548,take_profit,False
S0549,cooldown,False
S0549,daily_cap,False
S0549,partial_take,False
S0550,daily_cap,False
S0550,partial_take,False
S0550,take_profit,False
S0552,breakeven,False
S0552,fixed_stop,False
S0553,box_shift,False
S0553,daily_cap,False
S0553,partial_take,False
S0554,partial_take,False
S0554,take_profit,False
S0556,cooldown,False
S0556,fixed_stop,False
S0556,take_profit,False
S0557,breakeven,False
S0557,daily_cap,False
S0558,daily_cap,False
S0558,fixed_stop,False
S0558,take_profit,False
S0559,cooldown,False
S0559,partial_take,False
S0560,daily_cap,False
S0560,take_profit,False
S0560,time_stop,False
S0561,breakeven,False
S0561,cooldown,False
S0561,trailing_hwm,False
S0562,cooldown,False
S0562,partial_take,True
S0562,take_profit,False
S0563,cooldown,False
S0563,daily_cap,False
S0563,fixed_stop,False
S0564,daily_cap,False
S0564,time_stop,False
S0565,cooldown,False
S0565,fixed_stop,False
S0565,take_profit,False
S0568,box_shift,False
S0568,cooldown,False
S0569,box_shift,False
S0569,cooldown,False
S0569,time_stop,True
S0571,box_shift,False
S0571,cooldown,False
S0571,time_stop,False
S0572,daily_cap,False
S0572,take_profit,False
S0573,cooldown,False
S0573,fixed_stop,False
S0573,take_profit,False
S0575,cooldown,False
S0575,partial_take,False
S0575,time_stop,False
S0576,breakeven,False
S0576,cooldown,False
S0577,box_shift,False
S0577,cooldown,False
S0577,trailing_hwm,False
S0579,cooldown,False
S0579,daily_cap,False
S0581,breakeven,False
S0581,daily_cap,False
S0582,daily_cap,False
S0582,fixed_stop,False
S0582,partial_take,False
S0585,box_shift,False
S0585,cooldown,False
S0585,daily_cap,True
S0586,cooldown,False
S0586,partial_take,False
S0586,take_profit,False
S0587,cooldown,False
S0587,partial_take,False
S0587,time_stop,False
S0588,cooldown,False
S0588,fixed_stop,False
S0588,partial_take,False
S0589,breakeven,False
S0589,cooldown,False
S0589,take_profit,False
S0590,cooldown,False
S0590,daily_cap,True
S0590,time_stop,False
S0592,cooldown,False
S0592,partial_take,False
S0594,cooldown,False
S0594,fixed_stop,False
S0594,trailing_hwm,False
S0595,cooldown,False
S0595,trailing_hwm,False
S0597,daily_cap,False
S0597,fixed_stop,False
S0598,breakeven,False
S0598,partial_take,False
S0599,box_shift,False
S0599,daily_cap,False
S0599,partial_take,False
S0600,cooldown,False
S0600,fixed_stop,False
S0600,partial_take,False
S0601,cooldown,False
S0601,take_profit,False
S0602,cooldown,False
S0602,trailing_hwm,False
S0603,cooldown,False
S0603,trailing_hwm,False
S0605,daily_cap,True
S0605,partial_take,False
S0605,time_stop,False
S0607,box_shift,False
S0607,cooldown,False
S0607,trailing_hwm,False
S0609,breakeven,False
S0609,partial_take,False
S0610,breakeven,False
S0610,fixed_stop,False
S0612,breakeven,False
S0612,cooldown,False
S0612,trailing_hwm,False
S0615,box_shift,False
S0615,cooldown,False
S0619,cooldown,False
S0619,take_profit,False
S0620,cooldown,False
S0620,daily_cap,True
S0623,breakeven,False
S0623,daily_cap,False
S0623,fixed_stop,False
S0624,cooldown,False
S0624,fixed_stop,False
S0624,partial_take,False
S0625,cooldown,False
S0625,partial_take,False
S0626,breakeven,False
S0626,fixed_stop,False
S0627,cooldown,False
S0627,fixed_stop,False
S0629,daily_cap,False
S0629,fixed_stop,False
S0629,trailing_hwm,False
S0635,cooldown,False
S0635,daily_cap,False
S0640,daily_cap,False
S0640,partial_take,False
S0641,breakeven,False
S0641,take_profit,False
S0642,breakeven,False
S0642,partial_take,False
S0643,daily_cap,True
S0643,take_profit,False
S0644,cooldown,False
S0644,partial_take,True
S0644,take_profit,False
S0646,breakeven,False
S0646,partial_take,False
S0648,daily_cap,True
S0648,partial_take,False
S0651,breakeven,False
S0651,take_profit,False
S0652,breakeven,False
S0652,take_profit,False
S0653,breakeven,False
S0653,partial_take,False
S0654,daily_cap,False
S0654,take_profit,False
S0659,breakeven,False
S0659,cooldown,False
S0659,partial_take,False
S0660,daily_cap,True
S0660,partial_take,False
S0661,breakeven,False
S0661,cooldown,False
S0661,daily_cap,False
S0662,breakeven,False
S0662,daily_cap,True
S0662,partial_take,False
S0664,breakeven,False
S0664,cooldown,False
S0664,partial_take,False
S0665,breakeven,False
S0665,fixed_stop,False
S0665,partial_take,False
S0666,box_shift,False
S0666,daily_cap,False
S0666,time_stop,False
S0670,breakeven,False
S0670,fixed_stop,False
S0671,cooldown,False
S0671,take_profit,False
S0673,cooldown,False
S0673,partial_take,False
S0674,daily_cap,False
S0674,partial_take,False
S0676,breakeven,False
S0676,daily_cap,True
S0676,partial_take,False
S0677,breakeven,False
S0677,cooldown,False
S0677,time_stop,False
S0678,daily_cap,False
S0678,take_profit,False
S0680,partial_take,False
S0680,take_profit,False
S0681,box_shift,False
S0681,daily_cap,False
S0682,breakeven,False
S0682,fixed_stop,False
S0682,partial_take,False
S0684,breakeven,False
S0684,cooldown,False
S0685,cooldown,False
S0685,daily_cap,False
S0685,take_profit,False
S0686,daily_cap,False
S0686,partial_take,False
S0687,cooldown,False
S0687,daily_cap,True
S0687,take_profit,False
S0690,cooldown,False
S0690,daily_cap,True
S0692,breakeven,False
S0692,take_profit,False
S0693,cooldown,False
S0693,fixed_stop,False
S0695,breakeven,False
S0695,daily_cap,False
S0695,time_stop,False
S0696,daily_cap,False
S0696,take_profit,False
S0698,daily_cap,True
S0698,take_profit,False
S0700,breakeven,False
S0700,partial_take,False
S0701,box_shift,False
S0701,breakeven,True
S0701,daily_cap,False
S0702,breakeven,False
S0702,cooldown,False
S0704,breakeven,False
S0704,daily_cap,False
S0704,time_stop,False
S0705,cooldown,False
S0705,fixed_stop,False
S0705,trailing_hwm,False
S0706,cooldown,False
S0706,daily_cap,False
S0707,box_shift,False
S0707,breakeven,True
S0707,daily_cap,False
S0708,breakeven,True
S0708,daily_cap,False
S0708,trailing_hwm,False
S0710,box_shift,False
S0710,breakeven,False
S0710,cooldown,False
S0711,daily_cap,False
S0711,fixed_stop,False
S0711,partial_take,False
S0713,cooldown,False
S0713,time_stop,False
S0714,daily_cap,False
S0714,fixed_stop,False
S0714,take_profit,False
S0715,breakeven,False
S0715,cooldown,False
S0716,fixed_stop,False
S0716,partial_take,False
S0717,box_shift,False
S0717,cooldown,False
S0718,cooldown,False
S0718,fixed_stop,False
S0718,take_profit,False
S0719,breakeven,False
S0719,cooldown,False
S0719,partial_take,False
S0720,breakeven,False
S0720,cooldown,False
S0721,daily_cap,False
S0721,fixed_stop,False
S0721,trailing_hwm,False
S0722,breakeven,False
S0722,daily_cap,True
S0722,partial_take,False
S0723,fixed_stop,False
S0723,partial_take,False
S0724,cooldown,False
S0724,partial_take,True
S0724,take_profit,False
S0725,breakeven,False
S0725,cooldown,False
S0725,partial_take,False
S0726,box_shift,False
S0726,daily_cap,False
S0726,trailing_hwm,False
S0727,breakeven,False
S0727,fixed_stop,False
S0727,partial_take,False
S0728,breakeven,False
S0728,cooldown,False
S0728,time_stop,False
S0729,cooldown,False
S0729,fixed_stop,False
S0730,breakeven,False
S0730,fixed_stop,False
S0730,partial_take,False
S0731,cooldown,False
S0731,time_stop,False
S0732,cooldown,False
S0732,daily_cap,True
S0732,time_stop,False
S0734,box_shift,False
S0734,daily_cap,False
S0734,partial_take,False
S0735,cooldown,False
S0735,time_stop,False
S0736,cooldown,False
S0736,fixed_stop,False
S0736,time_stop,False
S0737,box_shift,False
S0737,cooldown,False
S0738,breakeven,False
S0738,daily_cap,False
S0738,fixed_stop,False
S0739,cooldown,False
S0739,daily_cap,True
S0739,partial_take,False
S0740,daily_cap,False
S0740,trailing_hwm,False
S0743,breakeven,False
S0743,daily_cap,False
S0743,take_profit,False
S0744,daily_cap,False
S0744,fixed_stop,False
S0744,time_stop,False
S0746,cooldown,False
S0746,partial_take,False
S0747,breakeven,False
S0747,daily_cap,False
S0747,time_stop,False
S0748,cooldown,False
S0748,fixed_stop,False
S0752,cooldown,False
S0752,fixed_stop,False
S0753,breakeven,True
S0753,daily_cap,False
S0753,trailing_hwm,False
S0755,box_shift,False
S0755,cooldown,False
S0755,daily_cap,False
S0756,breakeven,False
S0756,daily_cap,False
S0756,partial_take,False
S0757,breakeven,False
S0757,fixed_stop,False
S0758,breakeven,False
S0758,daily_cap,True
S0758,trailing_hwm,False
S0760,daily_cap,True
S0760,partial_take,False
S0760,trailing_hwm,False
S0761,cooldown,False
S0761,take_profit,False
S0761,trailing_hwm,False
S0762,daily_cap,False
S0762,fixed_stop,False
S0762,partial_take,False
S0763,box_shift,False
S0763,breakeven,False
S0763,daily_cap,False
S0764,daily_cap,False
S0764,fixed_stop,False
S0764,trailing_hwm,False
S0765,daily_cap,True
S0765,partial_take,False
S0766,cooldown,False
S0766,fixed_stop,False
S0766,partial_take,False
S0768,daily_cap,False
S0768,fixed_stop,False
S0769,cooldown,False
S0769,fixed_stop,False
S0771,cooldown,True
S0771,daily_cap,True
S0773,daily_cap,True
S0773,fixed_stop,False
S0773,time_stop,False
S0775,cooldown,False
S0775,fixed_stop,False
S0775,trailing_hwm,False
S0776,cooldown,False
S0776,fixed_stop,False
S0778,daily_cap,True
S0778,fixed_stop,False
S0778,trailing_hwm,False
S0781,box_shift,False
S0781,cooldown,False
S0781,daily_cap,True
S0782,breakeven,False
S0782,cooldown,False
S0782,fixed_stop,False
S0784,fixed_stop,False
S0784,partial_take,False
S0785,box_shift,False
S0785,daily_cap,False
S0785,time_stop,True
S0787,box_shift,False
S0787,daily_cap,True
S0787,time_stop,True
S0789,breakeven,False
S0789,cooldown,False
S0789,fixed_stop,False
S0790,daily_cap,True
S0790,fixed_stop,False
S0790,take_profit,False
S0791,breakeven,False
S0791,partial_take,False
S0791,take_profit,False
S0792,daily_cap,True
S0792,time_stop,True
S0792,trailing_hwm,False
S0793,box_shift,False
S0793,breakeven,False
S0793,daily_cap,True
S0795,box_shift,False
S0795,daily_cap,False
S0795,trailing_hwm,False
S0796,cooldown,False
S0796,partial_take,False
S0797,breakeven,False
S0797,daily_cap,True
S0797,partial_take,False
S0799,daily_cap,True
S0799,trailing_hwm,False
